"","Statute","charge","codes","Type","Degree","Desc"
"1","","BENCH WARRANT","",NA,NA,NA
"2","","BATTERY","",NA,NA,NA
"3","","ALC BEV/DRK IN PUBLC","",NA,NA,NA
"4","","ASSAULT","",NA,NA,NA
"5","","DWLS/KNOWINGLY","",NA,NA,NA
"6","","GRD THEFT/3D/VEHICLE","",NA,NA,NA
"7","","DWLS/3RD & SUBS OFFN","",NA,NA,NA
"8","","OUT-OF-CNTY/WARRANT","",NA,NA,NA
"9","","DL/EXPIRED 6 MTHS+","",NA,NA,NA
"10","","ALIAS CAPIAS","",NA,NA,NA
"11","","DWLS/FIN RESP/REFUSE","",NA,NA,NA
"12","","PROBATION WARRANT","",NA,NA,NA
"13","","DWLS/HABITUAL","",NA,NA,NA
"14","","CANNABIS/POSN/0-20","",NA,NA,NA
"15","","DWLS/2ND OFFENSE","",NA,NA,NA
"16","","CANN/SELL/DEL/PSNW/I","",NA,NA,NA
"17","","GRAND THEFT 3RD DEG","",NA,NA,NA
"18","","TRES PROP/AFTER WARN","",NA,NA,NA
"19","","ARREST WARRANT","",NA,NA,NA
"20","","TRES/OCC/STR/CON/ATT","",NA,NA,NA
"21","","DWLS-NO PRIOR FELONY","",NA,NA,NA
"22","","HOLD FOR AGENCY","",NA,NA,NA
"23","","GRAND THEFT 2ND DEG","",NA,NA,NA
"24","","VEH REG/NOT HAVE","",NA,NA,NA
"25","","PETIT THEFT","",NA,NA,NA
"26","","CREDIT CARD/FORGERY","",NA,NA,NA
"27","","DRUG PARAPHERNA/POSN","",NA,NA,NA
"28","","CONT SUBS/POSN/>10GR","",NA,NA,NA
"29","","BURGLARY/UNOCC CONVY","",NA,NA,NA
"30","","WRIT/BODILY ATTACH","",NA,NA,NA
"31","","PROBATION VIOLATION","",NA,NA,NA
"32","","CONT SUBS/POSS","",NA,NA,NA
"33","","ALC/OPN CONT/VEHICLE","",NA,NA,NA
"34","","BATTERY/AGG/ATT","",NA,NA,NA
"35","","PANHANDLE/AGGRESV","",NA,NA,NA
"36","","FLS NAME/ID/AFT ARRE","",NA,NA,NA
"37","","DUI/BREATH LEVEL","",NA,NA,NA
"38","","TRESP/STRUC/OCC/WARN","",NA,NA,NA
"39","","DISORDERLY INTOX","",NA,NA,NA
"40","","CRIM MIS/200-1000","",NA,NA,NA
"41","","RESIST OFF W/O VIOL","",NA,NA,NA
"42","","NO VALID DRIVERS LIC","",NA,NA,NA
"43","","COCAINE/POSSESSION","",NA,NA,NA
"44","","L&L CHLD<12/DEF 18>","",NA,NA,NA
"45","","DRUGS/TRAFFICKING","",NA,NA,NA
"46","","CANNABIS/POSN/20+","",NA,NA,NA
"47","","DWLS/FINANCIAL SUSP","",NA,NA,NA
"48","","UNLA POSS STO CREDIT","",NA,NA,NA
"49","","RECKLESS DRIVING","",NA,NA,NA
"50","","SEX OFND/VIOL REGIST","",NA,NA,NA
"51","","TAG NOT ASSIGNED VEH","",NA,NA,NA
"52","","HOLD/CORRECTIONS","",NA,NA,NA
"53","","LSA/PROP DAMAGE","",NA,NA,NA
"54","","DUI","",NA,NA,NA
"55","","ASSAULT/AGG/FIREARM","",NA,NA,NA
"56","","CANN/POSN/-20/ATTEMP","",NA,NA,NA
"57","","THREATEN/LEO/ASA/FIR","",NA,NA,NA
"58","","ORG SCHEME TO DEFRD","",NA,NA,NA
"59","","DUI/DAM/PROP/PERSON","",NA,NA,NA
"60","","FA/WEAP/POSN/FEL/DEL","",NA,NA,NA
"61","","BATTERY/AGG/DWEAP","",NA,NA,NA
"62","","CONT SUB/SALE/1K/CON","",NA,NA,NA
"63","","PRETRIAL REL/VIOLATE","",NA,NA,NA
"64","","OUT ON FELONY BOND","",NA,NA,NA
"65","","BATTERY/AGG/HRM/WEAP","",NA,NA,NA
"66","","CRED CRD FRD/ATT","",NA,NA,NA
"67","","ROBBERY/STRONGARM","",NA,NA,NA
"68","","DWLS/FIN SUSP/SUB V","",NA,NA,NA
"69","","RESIST ARR W/O VIOL","",NA,NA,NA
"70","","DISORDERLY CONDUCT","",NA,NA,NA
"71","","LOITERING OR PROWL","",NA,NA,NA
"72","","CRIM MIS/1000+","",NA,NA,NA
"73","","TAMPER/WI/VIC/2D FEL","",NA,NA,NA
"74","","INVALID CHARGE","",NA,NA,NA
"75","","BATTERY/AGGRAVATED","",NA,NA,NA
"76","","FUG WARR/OUT O STATE","",NA,NA,NA
"77","","NO M/CYCLE ENDRSEMNT","",NA,NA,NA
"78","","BATT/DOM/STRANGLE","",NA,NA,NA
"79","","ALCOHOL/PUB/MIA BCH","",NA,NA,NA
"80","","ALC/BEV CONSUME/SERV","",NA,NA,NA
"81","","PETIT THEFT 2> CONV","",NA,NA,NA
"82","","ROBBERY/ARMED/WEAPON","",NA,NA,NA
"83","","BOND SURRENDER","",NA,NA,NA
"84","","BATTERY/AGG/PREGNANT","",NA,NA,NA
"85","","HASH/SELL/POSS/W/INT","",NA,NA,NA
"86","","CONT SUB/SELL/DEL","",NA,NA,NA
"87","","BURGLARY TOOLS/POSN","",NA,NA,NA
"88","","HOLD FOR MAGISTRATE","",NA,NA,NA
"89","","HOLD FOR IMMIGRATION","",NA,NA,NA
"90","","","",NA,NA,NA
"91","","OUT ON PROBATION","",NA,NA,NA
"92","","COKE/SELL/DEL/W/INT","",NA,NA,NA
"93","","FLORIDA LITTER LAW","",NA,NA,NA
"94","","CONT SUB/PUR/POS W/I","",NA,NA,NA
"95","","CANN/POSN/OVER 20/AR","",NA,NA,NA
"96","","CAPIAS","",NA,NA,NA
"97","","DUI/4TH OR SUBS OFF","",NA,NA,NA
"98","","RETAIL THEFT/300>","",NA,NA,NA
"99","","VEH/POSN W/TANK","",NA,NA,NA
"100","","LSC/INJURY/7-1-14","",NA,NA,NA
"101","","CANNABIS/SALE/PRIN","",NA,NA,NA
"102","","CONCEALED F/A /CARRY","",NA,NA,NA
"103","","SEX OFFND/FAIL TO RE","",NA,NA,NA
"104","","LSC/NO SERIOUS INJUR","",NA,NA,NA
"105","","OBSTRUCT POLICE/FIRE","",NA,NA,NA
"106","","VIN/POSN COUNTERFEIT","",NA,NA,NA
"107","","VEH/ALT ID/POSN/SALE","",NA,NA,NA
"108","","ID/USE/POSSESS/FRD","",NA,NA,NA
"109","","FLEE/ELUDE PO/LTS/SR","",NA,NA,NA
"110","","COCAINE/PUR/ATTEMPT","",NA,NA,NA
"111","","STLN VEH/PROC TITLE","",NA,NA,NA
"112","","RESIST OFF W/VIOL","",NA,NA,NA
"113","","DL/POSN OF STOLEN","",NA,NA,NA
"114","","TAMPER/PHYS EVIDENCE","",NA,NA,NA
"115","","WRIT OF ATTACHMENT","",NA,NA,NA
"116","","OBSTRT/DISGUISE PERS","",NA,NA,NA
"117","","DL/POSN OF INSTR SIM","",NA,NA,NA
"118","","FLEE/ELUDE PO","",NA,NA,NA
"119","","GT 3RD/VEHICLE/CONS","",NA,NA,NA
"120","","CANN/SELL/DEL/ATTEMP","",NA,NA,NA
"121","","FLEE/ELUDE PO/ATTMPT","",NA,NA,NA
"122","","FLEE/ELUDE PO/HGH SP","",NA,NA,NA
"123","","ROBBERY/ARMED/MASK","",NA,NA,NA
"124","","COCAINE/SELL/MAN/ATT","",NA,NA,NA
"125","","VEH/ATT LIC NOT ASSG","",NA,NA,NA
"126","","SEAL/PETN/FALSE INFO","",NA,NA,NA
"127","","LSA/DAM/UNATT VEH","",NA,NA,NA
"128","","STOLEN PROPERTY/POSN","",NA,NA,NA
"129","","RECK DRV/SER INJURY","",NA,NA,NA
"130","","CHILD NEG NO GR HARM","",NA,NA,NA
"131","","DUI/3RD OR SUB CONV","",NA,NA,NA
"132","08172","BUSINESS W/O LIC","008",NA,NA,NA
"133","101","RESIST ARR W/O VIOL","010",NA,NA,NA
"134","2181A4","MARIJUANA/POSSESSION","021",NA,NA,NA
"135","2126","OBSTRUCT POLICE/FIRE","021","C","0","OBSTRUCT POLICE OFFICER, FIREFIGHTER/COUNTY ORD"
"136","21213","DRUG PARA/SALE/PROH","021","C","0","DRUG PARAPHERNALIA/SALE PROHIBITED/COUNTY ORDINANC"
"137","2828","TRESPASS","028","L","0","TRESPASS/MUNICIPAL ORDINANCE"
"138","302101A","ALC/OPN CONT/VEHICLE","030","C","0","ALCOHOL/OPEN CONTAINER IN VEHICLE/COUNTY ORDINANCE"
"139","3131","MARIJUANA/POSSESSION","031","L","0","MARIJUANA/POSSESSION/MUNICIPAL ORDINANCE"
"140","5252","STOLEN PROPERTY/POSN","052","L","0","STOLEN PROPERTY/POSSESSION/MUNICIPAL ORDINANCE"
"141","7087","ALCOHOL/PUB/MIA BCH","070",NA,NA,NA
"142","31619301C","DUI/BREATH LEVEL","316",NA,NA,NA
"143","31619201A","RECKLESS DRIVING","316",NA,NA,NA
"144","31619301","DUI","316",NA,NA,NA
"145","31619352","FLEE/ELUDE PO/LTS/SR","316","F","3","FLEEING/ELUDE PO/LIGHTS & SIREN"
"146","31606101","LSA/PROP DAMAGE","316",NA,NA,NA
"147","31619303ABC","DUI/DAM/PROP/PERSON","316",NA,NA,NA
"148","31619351","FLEE/ELUDE PO","316","F","3","FLEEING/ELUDING POLICE OFFICER/ATTEMPT"
"149","31619351","FLEE/ELUDE PO","316","F","3","FLEEING ELUDING POLICE OFFICER"
"150","316192","RECKLESS DRIVING","316","M","2","RECKLESS DRIVING"
"151","316192","RECKLESS DRIVING","316","T","0","RECKLESS DRIVING"
"152","31602702A","LSC/NO SERIOUS INJUR","316",NA,NA,NA
"153","31602702B","LSC/SERIOUS BOD INJU","316",NA,NA,NA
"154","31619302B3","DUI/4TH OR SUBS OFF","316",NA,NA,NA
"155","31619353A","FLEE/ELUDE PO/HGH SP","316","F","2","FLEEING/ATT ELUDE PO/MARKED/HIGH SPEED"
"156","31602701A","LSC/INJURY/7-1-14","316",NA,NA,NA
"157","31619391E","DUI/DWI/TEST/2ND>","316","M","1","DUI/DWI/TESTING/2ND OR SUBSEQUENT REFUSAL"
"158","31619391E","DUI/DWI/TEST/2ND>","316","T","0","DUI/DWI/TESTING/2ND OR SUBSEQUENT REFUSAL"
"159","31602701A","LSC/INJURY/AT/7/1/14","316",NA,NA,NA
"160","31619301A","DUI/NRML FAC IMPAIRD","316",NA,NA,NA
"161","31619351","FLEE/ELUDE PO/ATTMPT","316","F","3","FLEEING/ELUDING POLICE OFFICER/ATTEMPT"
"162","31619351","FLEE/ELUDE PO/ATTMPT","316","F","3","FLEEING ELUDING POLICE OFFICER"
"163","31619203ABC","RCKLS DRVNG/DMG/PR/P","316",NA,NA,NA
"164","31619302B","DUI/3RD OR SUB CONV","316",NA,NA,NA
"165","31606301","LSA/DAM/UNATT VEH","316",NA,NA,NA
"166","31619391","DUI/DWI/2ND TEST/REF","316","M","1","DUI/DWI/TESTING/2ND OR SUBSEQUEST REFUSAL"
"167","31619391","DUI/DWI/2ND TEST/REF","316","T","0","DUI/DWI/TESTING/2ND OR SUBSEQUENT REFUSAL"
"168","31607203","PO/FF/FAIL TO OBEY","316",NA,NA,NA
"169","3161939","DUI/DWI/REF TO TEST","316","M","1","DUI/DWI/REFUSAL TO TEST AFTER LIC SUSPENSION"
"170","3161939","DUI/DWI/REF TO TEST","316","T","0","DUI/DWI/REFUSAL TO TEST AFTER LIC SUSPENSION"
"171","316801","VEH/POSN W/TANK","316","F","3","VEHICLE/POSN W/ILLEGAL TANK/CONTAINER"
"172","31619354A","AGG FLEE/INJ/DAMAGE","316","F","2","AGG FLEE/ATT ELUDE PO AFTER ACCDENT/INJUR/DAMAGE"
"173","31619102A","DRAG RACING/HWY","316",NA,NA,NA
"174","31619304","DUI/MINOR/OR .15 >","316",NA,NA,NA
"175","31619303C2","DUI/SERIOUS INJURY","316",NA,NA,NA
"176","31619303ABC","DUI/BOD INJ ANOTHER","316",NA,NA,NA
"177","3161995","VEH/DRIVE ON SDWLK","316","I","0","VEHICLE/DRIVE ON SIDEWALK/BIKE PATH"
"178","316067","ACCIDENT/FALSE RPT","316","M","2","ACCIDENT/FALSE REPORT"
"179","316067","ACCIDENT/FALSE RPT","316","T","0","ACCIDENT/FALSE REPORT OF"
"180","31664604","INS/PRF REQ/MISREP","316",NA,NA,NA
"181","31629522","VEH WIHDSH/VIOLATION","316","I","0","VEHICLE WINDSHIELD/COVERING MATERIAL VIOLATION"
"182","31664601","VEH INSURANCE/PROOF","316",NA,NA,NA
"183","31607751","INTRF/TRF/RR/SIGN","316","M","2","INTRF W/TRF CONT DEV/RR SIGN/DAMAGE/$200 OR LESS"
"184","31607751","INTRF/TRF/RR/SIGN","316","T","0","INTRF W/TRF CONT DEV/RR SIGN/DAMAGE/$200 OR LESS"
"185","316194","VEH/STOP/PARK","316","I","0","VEHICLE/STOP/STAND/PARK OUTSIDE MUNICIPALITY"
"186","31619203C2","RECK DRV/SER INJURY","316",NA,NA,NA
"187","31619102D","DRG RCNG/HWY/TRAFFIC","316",NA,NA,NA
"188","316085","LANE CHNG/IMPROPER","316","I","0","LANE CHANGING/IMPROPER"
"189","3161925","CARELESS DRIVING","316","I","0","CARELESS DRIVING"
"190","3161925","CARELESS DRIVING","316","I","0","CARELESS DRIVING/WITH DEATH"
"191","31620452","OBSTR TRAFF/SOLICIT","316","M","2","OBSTRUCTING TRAFFIC/SOLICI W/O PERMIT/PEDESTRIAN"
"192","31620452","OBSTR TRAFF/SOLICIT","316","T","0","OBSTRUCTING TRAFFIC/SOLICIT W/O PERMIT"
"193","31619203C1","RECK DRV/DAMAGE","316",NA,NA,NA
"194","31661","VEH/DRIVE/UNSAFE","316",NA,NA,NA
"195","31615101","TRAFFIC/IMPROP TURN","316",NA,NA,NA
"196","316123","FAILURE TO YIELD","316","I","0","FAILURE TO YIELD RIGHT OF WAY"
"197","31661404","SEAT BELT VIOLATION","316",NA,NA,NA
"198","31619451A","STP/STND/PK VEH/PROH","316","I","0","STOP/STAND/PARK VEHICLE/PROHIBITED"
"199","31621701","DRIVING W/O HEADLTS","316",NA,NA,NA
"200","3161515","IMPROPER U-TURN","316","I","0","IMPROPER U-TURN"
"201","316211","MOTORCYCL EQUIP VIOL","316","I","0","MOTORCYCLE EQUIPMENT VIOLATION"
"202","316187","SPEEDING/STATE ROAD","316","I","0","SPEEDING VIOLATION/STATE ROAD"
"203","316074","TRAFFIC DEV/DISOBEY","316","I","0","TRAFFIC CONTROL DEVICE/DISOBEY"
"204","316605","VEHICLE WITH NO TAG","316","I","0","VEHICLE WITH NO TAG"
"205","31629541","WINDOW/BEHIND/DR/TIN","316",NA,NA,NA
"206","31612101","VEH/YIELD/INTERSECTN","316",NA,NA,NA
"207","316189","SPEEDING/MUN, CNTY","316","I","0","SPEEDING/MUNICIPAL, COUNTY VIOLATION"
"208","31608802","DRIVE WRONG DIRECTN","316",NA,NA,NA
"209","3162953","VEH SIDE WIND/RESTR","316","I","0","VEHICLE SIDE WINDOWS/SUNSCREENING RESTRICTIONS"
"210","31661351A","MOT VEH UNATT >15MIN","316","M","2","MOTOR VEHICLE/CHILD <6 UNATTENDED >15 MINUTES"
"211","31661351A","MOT VEH UNATT >15MIN","316","T","0","MOTOR VEHICLE/CHILD <6 UNATTENDED >15 MINUTES"
"212","31607203","POL, FIRE/FAIL OBEY","316",NA,NA,NA
"213","31623801A","IMPR USE OF HIGBEAM","316",NA,NA,NA
"214","318143","REFUS TO SIGN SUMMON","318","M","2","REFUSAL TO ACCEPT/SIGN/SUMMONS"
"215","318143","REFUS TO SIGN SUMMON","318","T","0","REFUSAL TO SIGN & ACCEPT SUMMONS"
"216","319331D","VEH/ALT ID/POSN/SALE","319","F","3","VEHICLE WITH ALTERED ID/POSSESSION, SALE"
"217","319331E","VEH TITLE/FRAUD/APPL","319","F","3","VEHICLE TITLE/FRAUD IN APPLICATION FOR"
"218","319335","VIN/POSN COUNTERFEIT","319","F","3","VIN, DECAL/POSSESSION OF COUNTERFEIT"
"219","319334","VEH TITLE/POSN/FRAUD","319","F","3","VEHICLE TITLE/POSSESSION WITH INTENT TO DEFRAUD"
"220","319331C","STLN VEH/PROC TITLE","319","F","3","STOLEN VEHICLE/PROCURE, PASS TITLE OF"
"221","319331B","VEH TITLE/FORGED/USE","319","F","3","VEHICLE TITLE/FORGED, ALTERED/RETAIN, USE"
"222","319305B","VIN PLATE REMOV/POSN","319","F","3","VIN PLATE REMOVED FROM VEHICLE/POSSESSION, SALE"
"223","3273C","REG/EXP/>6MOS/SUB OF","320",NA,NA,NA
"224","3221","VEH REG/NOT HAVE","320",NA,NA,NA
"225","32013105","TEMP TAG MISUSE","320",NA,NA,NA
"226","3261","LICENSE/UNLAW ALTER","320",NA,NA,NA
"227","328487","HANDICP PMT/UNL USE","320",NA,NA,NA
"228","320261","TAG NOT ASSIGNED VEH","320","M","2","VEHICLE/ATTACH REGIS LICENSE PLATE NOT ASSIGNED"
"229","320261","TAG NOT ASSIGNED VEH","320","T","0","TAG NOT ASSIGNED TO VEHICLE"
"230","3273B","VEH REG/EXP > 6 MNTH","320",NA,NA,NA
"231","3224","REG/ADDR CHANGE","320",NA,NA,NA
"232","32013","NON/MOV MIS DEAL LIC","320","M","2","NONMOVING TRAFFIC VIOL MISUSE DEALER OR MANUFACTUR"
"233","320261A","LIC/REGISTR/COUNTERF","320","F","3","MOTOR VEHICLE LICENSE/REGISTRATION/COUNTERFEIT"
"234","3226","VEH REG/FALSE REP","320",NA,NA,NA
"235","320261","VEH/ATT LIC NOT ASSG","320","M","2","VEHICLE/ATTACH REGIS LICENSE PLATE NOT ASSIGNED"
"236","320261","VEH/ATT LIC NOT ASSG","320","T","0","TAG NOT ASSIGNED TO VEHICLE"
"237","3273A","VEH REG/EXP/< 6 MOS","320",NA,NA,NA
"238","320216","VEH/ATT LIC NOT ASSG","320",NA,NA,NA
"239","3273","NO TAG/REGISTRATION","320",NA,NA,NA
"240","32038","VEH REG/NON-RESIDENT","320","M","2","VEHICLE REGISTRATION/NON-RESIDENT EXEMPTION VIOL"
"241","32038","VEH REG/NON-RESIDENT","320","T","0","VEHICLE REGISTRATION/NON-RESIDENT EXEMPTION VIOL"
"242","322342A","DWLS/KNOWINGLY","322","M","2","DRIVING/LICENSE SUSPENDED/KNOWINGLY/1ST OFFENSE"
"243","322342A","DWLS/KNOWINGLY","322","T","0","DRIVING WHILE LICENSE SUSPENDED/KNOWINGLY"
"244","322345","DWLS/HABITUAL","322","F","3","DRIVING WHILE LICENSE SUSPENDED/HABITUAL"
"245","322342C","DWLS/3RD & SUBS OFFN","322","F","3","DRIVING WHILE LICENSE SUSPENDED/3RD&SUBS OFFENSE"
"246","322342","DWLS/KNOWINGLY","322","M","2","DRIVING WHILE LICENSE SUSPENDED/WITH KNOWLEDGE"
"247","322342","DWLS/KNOWINGLY","322","T","0","DRIVING WHILE LICENSE SUSPENDED/WITH KNOWLEDGE"
"248","3223410B1","DWLS/FINANCIAL SUSP","322","M","2","DRIVE WHILE LICENSE SUSPENDED/FINANCIAL SUSPENSION"
"249","3223410B1","DWLS/FINANCIAL SUSP","322","T","0","DRIVE WHILE LICENSE SUSPENDED/FINANCIAL SUSPENSION"
"250","322342B","DWLS/2ND OFFENSE","322","M","1","DRIVING/LICENSE SUSPENDED/KNOWINGLY/2ND OFFENSE"
"251","322342B","DWLS/2ND OFFENSE","322","T","0","DRIVING/LICENSE SUSPENDED/KNOWINGLY/2ND OFFENSE"
"252","3223410A","DWLS-NO PRIOR FELONY","322","M","2","DWLS-NO PRIOR FELONY"
"253","3223410A","DWLS-NO PRIOR FELONY","322","T","0","DWLS-NO PRIOR FELONY"
"254","322031","NO VALID DRIVERS LIC","322","M","2","NO VALID DRIVERS LICENSE"
"255","322031","NO VALID DRIVERS LIC","322","T","0","NO VALID DRIVERS LICENSE"
"256","32221201A","DL/POSN OF STOLEN","322",NA,NA,NA
"257","322035","DL/EXPIRED 6 MTHS+","322","M","2","DRIVER LICENSE/EXPIRED > 6 MTHS/7-1-10 OR AFTER"
"258","322035","DL/EXPIRED 6 MTHS+","322","T","0","DRIVER LICENSE/EXPIRED > 6 MTHS/7-1-10 OR AFTER"
"259","322572","NO M/CYCLE ENDRSEMNT","322","M","2","NO MOTORCYCLE ENDORSEMENT"
"260","322572","NO M/CYCLE ENDRSEMNT","322","T","0","NO MOTORCYCLE ENDORSEMENT"
"261","322341","DL/DRV WHL PERM/REVK","322","I","0","DWLS/NO KNOWLEDGE"
"262","322341","DL/DRV WHL PERM/REVK","322","F","3","DRIVER LICENSE/DRIVING WHILE PERMANENTLY REVOKED"
"263","3223410B2","DWLS/FIN SUSP/SUB V","322","M","1","DRIVE WHILE LICENSE SUSP/FINANCIAL SUSP/SUBSE VIOL"
"264","3223410B2","DWLS/FIN SUSP/SUB V","322","T","0","DRIVE WHILE LICENSE SUSP/FINANCIAL SUSP/SUBSE VIOL"
"265","322034","DL/MOTORCYCLE ENDORS","322","M","2","DRIVERS LICENSE/MOTORCYCLE ENDORSEMENT"
"266","322034","DL/MOTORCYCLE ENDORS","322","T","0","DRIVERS LICENSE/MOTORCYCLE ENDORSEMENT"
"267","32221201B","DL/POSN OF INSTR SIM","322",NA,NA,NA
"268","322346","DW/OL/DWLS/DEATH,INJ","322","F","3","DRIVING W/O LIC/WHILE LIC SUSP/DEATH, BODILY INJUR"
"269","32253","NO CDL","322","M","2","NO COMMERCIAL DRIVER'S LICENSE"
"270","32253","NO CDL","322","T","0","NO COMMERCIAL DRIVER'S LICENSE"
"271","32221201C","DL/POSN SIMILITUDE","322",NA,NA,NA
"272","32221201D","DL/ID/DEL/STOLE","322",NA,NA,NA
"273","322321","DL/POSN SUSPENDED","322","M","2","DRIVERS LICENSE/POSSESSION OF SUSPENDED, ETC"
"274","322321","DL/POSN SUSPENDED","322","T","0","DRIVERS LICENSE/POSSESSION OF SUSPENDED, ETC"
"275","32203101","DL/NON-RESIDENT REQ","322",NA,NA,NA
"276","322161C","VIOL/DL RESTRICTIONS","322","M","2","VIOLATION OF DRIVER'S LICENSE RESTRICTIONS"
"277","322161C","VIOL/DL RESTRICTIONS","322","T","0","VIOLATION OF DRIVER'S LICENSE RESTRICTIONS"
"278","322301","USE OTH DL/FL LIC SU","322","M","2","DRIVE W/ OUT-OF-STATE LICENSE WHEN FLA DL SUSP/REV"
"279","322301","USE OTH DL/FL LIC SU","322","T","0","DRIVE W/ OUT-OF-STATE LICENSE WHEN FLA DL SUSP/REV"
"280","322035","DL/EXPIRED 4 MTHS+","322","M","2","DRIVER LICENSE/EXPIRED > 6 MTHS/7-1-10 OR AFTER"
"281","322035","DL/EXPIRED 4 MTHS+","322","T","0","DRIVER LICENSE/EXPIRED > 6 MTHS/7-1-10 OR AFTER"
"282","322323","DL/FALSE DISPLAY","322","M","2","DRIVERS LICENSE/FALSE DISPLAY"
"283","322323","DL/FALSE DISPLAY","322","T","0","DRIVERS LICENSE/FALSE DISPLAY"
"284","32221205B","DL/ID/ALT DOB/POSN","322",NA,NA,NA
"285","322031B","DL/>THAN 1 FLORIDA","322","M","2","DRIVERS LICENSE/MORE THAN ONE FLORIDA LICENSE"
"286","322031B","DL/>THAN 1 FLORIDA","322","T","0","DRIVERS LICENSE/MORE THAN ONE FLORIDA LICENSE"
"287","322325","DL/PERMIT UNLAW USE","322","M","2","DRIVERS LICENSE/PERMIT UNLAWFUL USE"
"288","322325","DL/PERMIT UNLAW USE","322","T","0","DRIVERS LICENSE/PERMIT UNLAWFUL USE"
"289","32205106A","DISP/POSS/FALSE ID","322",NA,NA,NA
"290","322324","DL/FAIL TO SURRENDER","322","M","2","DRIVERS LICENSE/FAIL TO SURRENDER"
"291","322324","DL/FAIL TO SURRENDER","322","T","0","DRIVERS LICENSE/FAIL TO SURRENDER"
"292","322051","ID CARD/UNLAWFUL USE","322","M","2","IDENTIFICATION CARD VIOLATION"
"293","322051","ID CARD/UNLAWFUL USE","322","T","0","IDENTIFICATION CARD/UNLAWFUL USE OF DEPT ISSUED"
"294","322326","DL/UNLAW USE/TWO NMS","322","M","2","DRIVERS LICENSE/UNLAWFUL USE OF TWO W/ DIFF NAMES"
"295","322326","DL/UNLAW USE/TWO NMS","322","T","0","DRIVERS LICENSE/UNLAWFUL USE OF TWO NAMES"
"296","32420101","DWLS/FIN RESP/REFUSE","324",NA,NA,NA
"297","327352151","REFUSAL SUB BREATH","327","N","0","REFUSAL TO SUBMIT TO BREATH/BLOOD/UR TEST"
"298","327359","BUI/REFUSE TESTING","327","M","1","BUI/TESTING/2ND OR SUBSEQUENT REFUSAL"
"299","328073A","BOAT/ALTER ID NUMBER","328","M","2","BOAT/ALTER/DEFACE HULL ID/SERIAL NUMBER"
"300","40341306C","FLORIDA LITTER LAW","403",NA,NA,NA
"301","40341304","DUMPING/LITTER LAW","403",NA,NA,NA
"302","41308","HANDICAP RIGHTS VIOL","413","M","2","HANDICAPPED RIGHTS VIOLATION"
"303","499031","DRUGS/NEW/W/O PRESCR","499","M","2","PRESCR OR NEW DRUG/POSSESSION W/O PRESCRIPTION"
"304","49906911","DRGS/ADULT/MISB","499","M","1","DRUGS/ADULTERATION/MISBRANDING/2ND> CONVICTION"
"305","49906911","DRGS/ADULT/MISB","499","M","2","DRUGS/ADULTERATION/MISBRANDING VIOLATIONS"
"306","4995012","PRESCR DRUG/POSSESS","499",NA,NA,NA
"307","555555","INVALID CHARGE","555","N","0","INVALID CHARGE"
"308","74131","DOM VIOL/INJUNC VIOL","741","M","1","DOMESTIC VIOLENCE/VIOLATION OF INJUNCTION"
"309","741314A","DOM VIO/INJ VIOLATIO","741","M","1","DOMESTIC VIOLENCE/VIOLATION OF INJUNCTION"
"310","7752110A","SEX PRED/REG/PRO LOC","775","F","3","SEXUAL PREDATOR/FAIL TO REGISTER/PROVIDE LOCATION"
"311","777031C2A","ACC AFT FCT/CAP OFF","777",NA,NA,NA
"312","782042","MUR 2/WEAP/AG BAT/AT","782","F","L","MURDER/2ND DEG/ATTEMPT/DEADLY WEAPON/PREJUDICE"
"313","782042","MUR 2/WEAP/AG BAT/AT","782","F","1","MURDER 2ND DEGREE/DEADLY WEAPON/AGG BATT/ATTEMPT"
"314","782042","MUR 2/WEAP/AG BAT/AT","782","F","1","MURDER 2D DEGREE/ATTEMPT/DEADLY WEAPON/FIREARM"
"315","782042","MUR 2/WEAP/AG BAT/AT","782","F","1","MURDER 2ND DEG/LAW ENFORCE OFFICER/ATT/DEADLY WEAP"
"316","782042","MUR 2/WEAP/AG BAT/AT","782","F","2","MURDER 2ND DEGREE/ATTEMPT"
"317","782042","MUR 2/WEAP/AG BAT/AT","782","F","2","MURDER/2 DEGREE/CONSPIRACY"
"318","782042","MUR 2/WEAP/AG BAT/AT","782","F","L","MURDER 2ND DEGREE/WITH A WEAPON"
"319","782042","MUR 2/WEAP/AG BAT/AT","782","F","1","MURDER 2ND DEGREE - PBL"
"320","782042","MUR 2/WEAP/AG BAT/AT","782","F","1","MURDER 2ND DEGREE/LAW ENFORCEMENT OFFIC/ATT/DW"
"321","782042","MUR 2/WEAP/AG BAT/AT","782","F","1","MURDER/2 DEGREE/CONSPIRACY/WEAPON"
"322","782042","MUR 2/WEAP/AG BAT/AT","782","F","2","MURDER 2ND DEGREE/LAW ENFORCEMENT OFFICER/ATTEMPT"
"323","782042","MUR 2/WEAP/AG BAT/AT","782","F","L","MURDER 2ND DEGREE/DEADLY WEAPON/LAW ENFORCE OFFCR"
"324","782042","MUR 2/WEAP/AG BAT/AT","782","F","1","MURDER 2ND DEGREE/LAW ENFORCEMENT OFFICER - PBL"
"325","78207101A","VEH HOM/RECKLESS","782",NA,NA,NA
"326","784045","BATTERY/AGGRAVATED","784","F","2","BATTERY/AGGRAVATED/DEADLY WEAPON/ATTEMPT"
"327","784045","BATTERY/AGGRAVATED","784","F","3","BATTERY/AGGRAVATED/ATTEMPT"
"328","784045","BATTERY/AGGRAVATED","784","F","3","BATTERY/AGGRAVATED/CONSPIRE"
"329","784045","BATTERY/AGGRAVATED","784","F","1","BATTERY/AGGRAVATED/WITH PREJUDICE/WEAP/BODILY HARM"
"330","784045","BATTERY/AGGRAVATED","784","F","2","BATTERY/AGGRAVATED"
"331","784045","BATTERY/AGGRAVATED","784","F","3","AGGRAVATED BATTERY/SOLICITATION"
"332","784045","BATTERY/AGGRAVATED","784","F","2","BATTERY/AGGRAVATED/PRIOR CONVICTION"
"333","784045","BATTERY/AGGRAVATED","784","F","1","BATTERY/AGGRAVATED/LAW ENFORCEMENT OFFICER"
"334","78403","BATTERY","784","M","2","BATTERY/ATTEMPT"
"335","78403","BATTERY","784","F","3","BATTERY/W PREJUDICE/RELIGIOS INSTITUTION"
"336","78403","BATTERY","784","M","1","BATTERY"
"337","78403","BATTERY","784","M","2","BATTERY/SOLICITATION"
"338","78403","BATTERY","784","F","3","BATTERY/GANG ACTIVITY"
"339","784072B","BATTERY/LEO/COR/FIRE","784","F","3","BATTERY/POLICE OFFICER/CORRECTIONS/FIREFIGHTER"
"340","78404501A2","BATTERY/AGG/DWEAP","784",NA,NA,NA
"341","784072D","BATTERY/AGG/POL/FIRE","784","F","2","AGG/BATTERY ON LAW ENFORCEMENT OFFICER/ATTEMPT"
"342","784072D","BATTERY/AGG/POL/FIRE","784","F","1","BATT/AGG/POL OFF/FFIGHTER/INT OFC/DWEAP/BOD HARM"
"343","78404501B","BATTERY/AGG/PREGNANT","784",NA,NA,NA
"344","78402101A","ASSAULT/AGG/DWEAP","784",NA,NA,NA
"345","7840210L","ASSAULT/AGG/LEO","784",NA,NA,NA
"346","78404802","STALKING","784",NA,NA,NA
"347","78402101A1","ASSAULT/AGG/FIREARM","784",NA,NA,NA
"348","784041","BATTERY/FELONY","784","F","3","BATTERY/FELONY"
"349","784072A","ASSAULT/POL/FIRE/INT","784","M","1","ASSAULT/POLICE OFFICER/FIREFIGHTER/INTAKE OFFICER"
"350","78404501A1A","BATT/AGG/BODHRM/WEAP","784",NA,NA,NA
"351","78404501A","BATTERY/AGGRAVATED","784",NA,NA,NA
"352","78402101A","ASSAULT/AGG/DW/MASK","784",NA,NA,NA
"353","784045","BATT/AGG/DDY WPN/ATT","784","F","2","BATTERY/AGGRAVATED/DEADLY WEAPON/ATTEMPT"
"354","784045","BATT/AGG/DDY WPN/ATT","784","F","3","BATTERY/AGGRAVATED/ATTEMPT"
"355","784045","BATT/AGG/DDY WPN/ATT","784","F","3","BATTERY/AGGRAVATED/CONSPIRE"
"356","784045","BATT/AGG/DDY WPN/ATT","784","F","1","BATTERY/AGGRAVATED/WITH PREJUDICE/WEAP/BODILY HARM"
"357","784045","BATT/AGG/DDY WPN/ATT","784","F","2","BATTERY/AGGRAVATED"
"358","784045","BATT/AGG/DDY WPN/ATT","784","F","3","AGGRAVATED BATTERY/SOLICITATION"
"359","784045","BATT/AGG/DDY WPN/ATT","784","F","2","BATTERY/AGGRAVATED/PRIOR CONVICTION"
"360","784045","BATT/AGG/DDY WPN/ATT","784","F","1","BATTERY/AGGRAVATED/LAW ENFORCEMENT OFFICER"
"361","784082C","BATTERY/ELDERLY","784","F","3","BATTERY ON PERSON 65 OR OLDER/ATTEMPT"
"362","784082C","BATTERY/ELDERLY","784","F","2","BATTERY/ON PERSON 65 OR OLDER/WITH PREJUDICE"
"363","784082C","BATTERY/ELDERLY","784","F","3","BATTERY/ON PERSON 65 OR OLDER"
"364","784082C","BATTERY/ELDERLY","784","F","3","BATTERY/ON PERSON 65+/PRI CON"
"365","7840450L","BATTERY/AGG/LEO","784",NA,NA,NA
"366","78403","BATTERY/ATTEMPT","784","M","2","BATTERY/ATTEMPT"
"367","78403","BATTERY/ATTEMPT","784","F","3","BATTERY/W PREJUDICE/RELIGIOS INSTITUTION"
"368","78403","BATTERY/ATTEMPT","784","M","1","BATTERY"
"369","78403","BATTERY/ATTEMPT","784","M","2","BATTERY/SOLICITATION"
"370","78403","BATTERY/ATTEMPT","784","F","3","BATTERY/GANG ACTIVITY"
"371","78404102A","BATT/DOM/STRANGLE","784",NA,NA,NA
"372","784021","ASSAULT/AGGRAVATED","784","M","1","ASSAULT/AGGRAVATED/SOLICITATION"
"373","784021","ASSAULT/AGGRAVATED","784","F","2","ASSAULT/AGGRAVATED/RELIGIOUS INSTITUTION"
"374","784021","ASSAULT/AGGRAVATED","784","F","2","ASSAULT/AGGRAVATED/JUDGE/ASA"
"375","784021","ASSAULT/AGGRAVATED","784","F","2","ASSAULT/AGGRAVATED/LAW ENFORCEMENT OFFICER"
"376","784021","ASSAULT/AGGRAVATED","784","F","2","ASSAULT/AGGRAVATED/LAW ENFORCEMENT OFFICER/FIREARM"
"377","787063G","HUMAN TRA<18PBL10/14","787","F","L","HUMAN TRAFFICKING <18 COMMERICAL SEXUAL"
"378","787063G","HUMAN TRA<18PBL10/14","787","F","1","HUMAN TRAFFICKING <18 PBL/10/1/14"
"379","7911","CONCEALED WEAP/CARRY","790",NA,NA,NA
"380","790231","FA/WEAP/POSN/FEL/DEL","790","F","3","FA/WEAPON/AMMUN/POSN/CONVTD FEL/DELINQUENT/ATTEMPT"
"381","790231","FA/WEAP/POSN/FEL/DEL","790","F","1","CONCEALED WEAPON/POSN BY A FELON/WEARING MASK"
"382","790231","FA/WEAP/POSN/FEL/DEL","790","F","2","FIREARM/WEAPON/AMMUN/POSN/CONVTD FELON/DELINQUENT"
"383","790231","FA/WEAP/POSN/FEL/DEL","790","F","3","FA/WEAPON/AMMUN/POSN/CONVTD FEL/DELINQUENT/CONSPIR"
"384","7912","CONCEALED F/A /CARRY","790",NA,NA,NA
"385","795301","WEAPON/OPEN CARRY","790",NA,NA,NA
"386","79023301","POSN FA/AMM0/DV INJN","790",NA,NA,NA
"387","7901","WEAP/FA IMPROP EXHIB","790",NA,NA,NA
"388","7912","CCF/POLICE SCANNER","790",NA,NA,NA
"389","7953","WEAPON/OPENLY CARRY","790",NA,NA,NA
"390","7972","FIREARM/USE COMT FEL","790",NA,NA,NA
"391","790235","F/A POSN/CAREER CRIM","790","F","1","FIREARM/CONCEALED WEAPON/POSN BY VIOL CAREER CRIM"
"392","790231","FA/WEAP/POS/FEL/ATT","790","F","3","FA/WEAPON/AMMUN/POSN/CONVTD FEL/DELINQUENT/ATTEMPT"
"393","790231","FA/WEAP/POS/FEL/ATT","790","F","1","CONCEALED WEAPON/POSN BY A FELON/WEARING MASK"
"394","790231","FA/WEAP/POS/FEL/ATT","790","F","2","FIREARM/WEAPON/AMMUN/POSN/CONVTD FELON/DELINQUENT"
"395","790231","FA/WEAP/POS/FEL/ATT","790","F","3","FA/WEAPON/AMMUN/POSN/CONVTD FEL/DELINQUENT/CONSPIR"
"396","7912","CONCLD FA/CARRY/ATT","790",NA,NA,NA
"397","790152","FIREARM/DISCH/VEH","790","F","2","FIREARM/DISCHARGE FROM A VEHICLE"
"398","790231","CON WEA/FELON/MASK","790","F","3","FA/WEAPON/AMMUN/POSN/CONVTD FEL/DELINQUENT/ATTEMPT"
"399","790231","CON WEA/FELON/MASK","790","F","1","CONCEALED WEAPON/POSN BY A FELON/WEARING MASK"
"400","790231","CON WEA/FELON/MASK","790","F","2","FIREARM/WEAPON/AMMUN/POSN/CONVTD FELON/DELINQUENT"
"401","790231","CON WEA/FELON/MASK","790","F","3","FA/WEAPON/AMMUN/POSN/CONVTD FEL/DELINQUENT/CONSPIR"
"402","790231","FA/WEAP/POS/FEL/CON","790","F","3","FA/WEAPON/AMMUN/POSN/CONVTD FEL/DELINQUENT/ATTEMPT"
"403","790231","FA/WEAP/POS/FEL/CON","790","F","1","CONCEALED WEAPON/POSN BY A FELON/WEARING MASK"
"404","790231","FA/WEAP/POS/FEL/CON","790","F","2","FIREARM/WEAPON/AMMUN/POSN/CONVTD FELON/DELINQUENT"
"405","790231","FA/WEAP/POS/FEL/CON","790","F","3","FA/WEAPON/AMMUN/POSN/CONVTD FEL/DELINQUENT/CONSPIR"
"406","7971","WEAPON/USE COMT FEL","790",NA,NA,NA
"407","790271A","FIREARM/ALTER ID","790","F","3","FIREARM/ALTER REMOVE SERIAL NUMBER"
"408","797","WEAP/POSN/COMT OFFN","790",NA,NA,NA
"409","79019","DEADLY MSL/THR/CONSP","790","F","3","DEADLY MISSILE/SHOOT, THROW/ATTEMPT"
"410","79019","DEADLY MSL/THR/CONSP","790","F","3","DEADLY MISSLE/SHOOT, THROW/CONSPIRACY"
"411","79019","DEADLY MSL/THR/CONSP","790","F","2","DEADLY MISSILE/SHOOT, THROW"
"412","79401104B","SEX BAT/SC/V>18/D>18","794",NA,NA,NA
"413","796072F","PROST/SOL ANOTHER TO","796","M","1","PROSTITUTION/SOLICIT ANOTHER TO COMMIT"
"414","796072F","PROST/SOL ANOTHER TO","796","M","2","PROSTITUTION/SOLICIT ANOTHER TO COMMIT/10/1/15"
"415","796072F","PROST/SOL AN/10/1/15","796","M","1","PROSTITUTION/SOLICIT ANOTHER TO COMMIT"
"416","796072F","PROST/SOL AN/10/1/15","796","M","2","PROSTITUTION/SOLICIT ANOTHER TO COMMIT/10/1/15"
"417","796072E","PROST/COMMIT/ENGAGE","796","M","1","PROSTITUTION/SECOND VIOLATION"
"418","796072E","PROST/COMMIT/ENGAGE","796","M","1","PROSTITUTION/COMMIT, ENGAGE IN/SECOND CONVICTION"
"419","796072E","PROST/COMMIT/ENGAGE","796","M","2","PROSTITUTION/COMMIT, ENGAGE IN"
"420","796072E","PROST/COMMIT/ENGAGE","796","F","3","PROSTITUTION/3RD OR SUBSEQUENT VIOLATION"
"421","796072E","PROST/2ND VIOLATION","796","M","1","PROSTITUTION/SECOND VIOLATION"
"422","796072E","PROST/2ND VIOLATION","796","M","1","PROSTITUTION/COMMIT, ENGAGE IN/SECOND CONVICTION"
"423","796072E","PROST/2ND VIOLATION","796","M","2","PROSTITUTION/COMMIT, ENGAGE IN"
"424","796072E","PROST/2ND VIOLATION","796","F","3","PROSTITUTION/3RD OR SUBSEQUENT VIOLATION"
"425","796052A","PROST/DERIVE SUPPORT","796","F","2","PROSTITUTION/DERIVE SUPPORT FROM PROCEEDS OF"
"426","796052A","PROST/DERIVE SUPPORT","796","F","3","PROSTITUTION/DERIVE SUPPORT FROM PROCEEDS/ATT"
"427","79802","L&L BEHAVIOR","798","M","2","LEWD AND LASCIVIOUS BEHAVIOR"
"428","803","INDECENT EXPOSURE","800",NA,NA,NA
"429","806131B2","CRIM MIS/200-1000","806","M","2","CRIMINAL MISCHIEF/>200<1000/ATTEMPT"
"430","806131B2","CRIM MIS/200-1000","806","F","3","CRIMINAL MISCHIEF/>200<1000/PREJUDICE"
"431","806131B2","CRIM MIS/200-1000","806","M","1","CRIMINAL MISCHIEF/ OVER $2OO, UNDER $1,000"
"432","806131B1","CRIM MIS/0-200","806","M","2","CRIMINAL MISCHIEF/200 OR LESS/ATTEMPT"
"433","806131B1","CRIM MIS/0-200","806","M","2","CRIMINAL MISCHIEF/  $200 OR LESS"
"434","806101","FIRE/OBSTRUCT EXTIN","806","F","3","FIRE/PREVENT, OBSTRUCT EXTINGUISHING"
"435","806101","FIRE/OBSTRUCT EXTIN","806","F","3","FIRE ALARM/FALSE/SUBSEQUENT OFFENSE"
"436","806101","FIRE/OBSTRUCT EXTIN","806","M","1","FIRE ALARM/FALSE"
"437","806012","ARSON 2ND DEGREE","806","F","3","ARSON/2ND DEGREE/ATTEMPT"
"438","806012","ARSON 2ND DEGREE","806","F","3","ARSON/SECOND DEGREE/CONSPIRACY"
"439","806012","ARSON 2ND DEGREE","806","F","2","ARSON 2ND DEGREE"
"440","806012","ARSON 2ND DEGREE","806","F","3","ARSON/SECOND DEGREE/SOLICITATION"
"441","806131B1","CRIM MIS/200</ATT","806","M","2","CRIMINAL MISCHIEF/200 OR LESS/ATTEMPT"
"442","806131B1","CRIM MIS/200</ATT","806","M","2","CRIMINAL MISCHIEF/  $200 OR LESS"
"443","806131B3","CRIM MIS/1000+","806","M","1","CRIMINAL MISCHIEF/1000>/ATTEMPT"
"444","806131B3","CRIM MIS/1000+","806","M","1","CRIMINAL MISCHIEF OVER $1,000/CONSPIRACY"
"445","806131B3","CRIM MIS/1000+","806","F","2","CRIMINAL MISCHIEF/1000 OR MORE/ARMED"
"446","806131B3","CRIM MIS/1000+","806","F","2","CRIMINAL MISCHIEF OVER $1,000/PREJUDICE"
"447","806131B3","CRIM MIS/1000+","806","F","3","CRIMINAL MISCHIEF/$1,000 OR MORE"
"448","806131B3","CRIM MIS/1000>/ARMED","806","M","1","CRIMINAL MISCHIEF/1000>/ATTEMPT"
"449","806131B3","CRIM MIS/1000>/ARMED","806","M","1","CRIMINAL MISCHIEF OVER $1,000/CONSPIRACY"
"450","806131B3","CRIM MIS/1000>/ARMED","806","F","2","CRIMINAL MISCHIEF/1000 OR MORE/ARMED"
"451","806131B3","CRIM MIS/1000>/ARMED","806","F","2","CRIMINAL MISCHIEF OVER $1,000/PREJUDICE"
"452","806131B3","CRIM MIS/1000>/ARMED","806","F","3","CRIMINAL MISCHIEF/$1,000 OR MORE"
"453","8123A","BURG/OCC/DWELL/ATT","810",NA,NA,NA
"454","8123A","BURGLARY/OCC/DWELL","810",NA,NA,NA
"455","8182A","TRESPASS/STRUC/UNOCC","810",NA,NA,NA
"456","8191A1","TRES PROP/AFTER WARN","810",NA,NA,NA
"457","8121","BURGLARY/UNOCC/PREJU","810",NA,NA,NA
"458","8124B","BURGLARY/UNOCC CONVY","810",NA,NA,NA
"459","8123C","BURGLARY/OCC/STRUCT","810",NA,NA,NA
"460","8182B","TRESP/STRUC/OCC/WARN","810",NA,NA,NA
"461","816","BURGLARY TOOLS/POSN","810",NA,NA,NA
"462","8122A","BURGLARY/ASSLT/ARMED","810",NA,NA,NA
"463","8122A","BURG/ASLT/BATT - PBL","810",NA,NA,NA
"464","8123B","BURGLARY/UNOCC/DWELL","810",NA,NA,NA
"465","8191A2","TRESP/UNENC CURTILAG","810",NA,NA,NA
"466","8123B","BURG/UNOCC DWELL/ATT","810",NA,NA,NA
"467","81201403A","PETIT THEFT","812",NA,NA,NA
"468","81201402C6","GRD THEFT/3D/VEHICLE","812",NA,NA,NA
"469","81201901","STOLEN PROP/DEAL IN","812",NA,NA,NA
"470","812132C","ROBBERY/STRONGARM","812","F","2","ROBBERY/STRONGARM/ATTEMPT/WITH PREJUDICE"
"471","812132C","ROBBERY/STRONGARM","812","F","3","ROBBERY/STRONGARM/ATTEMPT"
"472","812132C","ROBBERY/STRONGARM","812","F","3","ROBBERY/STRONGARM/CONSPIRACY"
"473","812132C","ROBBERY/STRONGARM","812","F","1","ROBBERY/STRONGARM/PREJUDICE"
"474","812132C","ROBBERY/STRONGARM","812","F","1","STRONGARM ROBBERY WITH A VEHICLE AS A WEAPON"
"475","812132C","ROBBERY/STRONGARM","812","F","2","ROBBERY/STRONGARM"
"476","812132C","ROBBERY/STRONGARM","812","F","3","ROBBERY/STRONGARM/SOLICITATION TO COMMIT"
"477","812132C","ROBBERY/STRONGARM","812","F","2","ROBBERY/STRONGARM/W/AGG BATTERY/ATTEMPT"
"478","812132C","ROBBERY/STRONGARM","812","F","1","ROBBERY/STRONGARM W/AGG BATTERY"
"479","812132C","ROBBERY/STRONGARM","812","F","2","ROBBERY/STRONGARM/MASK/ATTEMPT"
"480","812132C","ROBBERY/STRONGARM","812","F","1","ROBBERY/STRONGARM/MASK"
"481","81201402C6","GT 3RD/VEHICLE/CONS","812",NA,NA,NA
"482","81201402C","GRAND THEFT 3RD DEG","812",NA,NA,NA
"483","81201402E","PETIT THEFT 1D","812",NA,NA,NA
"484","812132A","RBRY/ARM/FA/DW - PBL","812","F","1","ROBBERY/FIREARM/PREJUDICE/ATTEMPT"
"485","812132A","RBRY/ARM/FA/DW - PBL","812","F","2","ROBBERY/DEADLY WEAPON, FIREARM/ATTEMPT"
"486","812132A","RBRY/ARM/FA/DW - PBL","812","F","1","ROBBERY/ARMED/FIREARM OR DEADLY WEAPON - PBL"
"487","812132A","RBRY/ARM/FA/DW - PBL","812","F","1","ROBBERY/ARMED/MACHINE GUN-PBL"
"488","812132A","RBRY/ARM/FA/DW - PBL","812","F","1","ARMED ROBBERY FIREARM/DW/ATTEMPT WITH MASK"
"489","812132A","RBRY/ARM/FA/DW - PBL","812","F","2","ROBBERY/DEADLY WEAPON, FIREARM/CONSPIRACY"
"490","81201402A3","GRAND THEFT/MV/I/DAM","812",NA,NA,NA
"491","81201402B","GRAND THEFT 2ND DEG","812",NA,NA,NA
"492","812132B","ROBBERY/ARMED/WEAPON","812","F","2","ROBBERY/ARMED/ATTEMPT"
"493","812132B","ROBBERY/ARMED/WEAPON","812","F","2","ROBBERY/ARMED/CONSPIRACY"
"494","812132B","ROBBERY/ARMED/WEAPON","812","F","L","ROBBERY/ARMED W/WEAPON/PREJUDICE"
"495","812132B","ROBBERY/ARMED/WEAPON","812","F","1","ROBBERY/ARMED/WEAPON"
"496","812132B","ROBBERY/ARMED/WEAPON","812","F","2","ROBBERY/ARMED/PRINCIPAL TO ATTEMPT"
"497","812132B","ROBBERY/ARMED/WEAPON","812","F","2","ROBBERY/ARMED/SOLICITATION"
"498","812132B","ROBBERY/ARMED/WEAPON","812","F","1","ROBBERY/ARMED/WITH A MASK"
"499","81201402C5","GRD THEFT/3D/FIREARM","812",NA,NA,NA
"500","81215503","HIRE PROP/REDLV/300+","812",NA,NA,NA
"501","81213302A","ROBB/CRJCK/ARM - PBL","812",NA,NA,NA
"502","81201402A","GRAND THEFT 1ST DEG","812",NA,NA,NA
"503","81215501","HIRE PROP/TRICK/300+","812",NA,NA,NA
"504","81201403A","PETIT THEFT/SOLICIT","812",NA,NA,NA
"505","81201508","RETAIL THEFT/300>","812",NA,NA,NA
"506","81201902","DEAL STOL PROP/SOLIC","812",NA,NA,NA
"507","81201403B","PETIT THEFT/PREV CN","812",NA,NA,NA
"508","81201403A","PETIT THEFT/ATTEMPT","812",NA,NA,NA
"509","81201901","STOLEN PROP/DL/CONSP","812",NA,NA,NA
"510","81201402C6","GRND THFT/VEH/SOLICT","812",NA,NA,NA
"511","812133","ROBBERY/CARJACKING","812","F","1","ROBBERY/CARJACKING"
"512","81201402B","GRAND THFT 2ND/CONSP","812",NA,NA,NA
"513","81201402C","GRAND THFT 3RD/SOLCT","812",NA,NA,NA
"514","81213302B","ROBBERY/CARJACKING","812",NA,NA,NA
"515","81201402C","GRAND THEFT/ARM/CONS","812",NA,NA,NA
"516","81201402C","GRAND THEFT 3D/CONSP","812",NA,NA,NA
"517","81201403A","PETIT THEFT/CONSPIRE","812",NA,NA,NA
"518","812132BM","ROBBERY/ARMED/MASK","812",NA,NA,NA
"519","81201402C6","G THFT/VEHICLE/ATTEM","812",NA,NA,NA
"520","812132C","ROBBERY/STRNGARM/ATT","812","F","2","ROBBERY/STRONGARM/ATTEMPT/WITH PREJUDICE"
"521","812132C","ROBBERY/STRNGARM/ATT","812","F","3","ROBBERY/STRONGARM/ATTEMPT"
"522","812132C","ROBBERY/STRNGARM/ATT","812","F","3","ROBBERY/STRONGARM/CONSPIRACY"
"523","812132C","ROBBERY/STRNGARM/ATT","812","F","1","ROBBERY/STRONGARM/PREJUDICE"
"524","812132C","ROBBERY/STRNGARM/ATT","812","F","1","STRONGARM ROBBERY WITH A VEHICLE AS A WEAPON"
"525","812132C","ROBBERY/STRNGARM/ATT","812","F","2","ROBBERY/STRONGARM"
"526","812132C","ROBBERY/STRNGARM/ATT","812","F","3","ROBBERY/STRONGARM/SOLICITATION TO COMMIT"
"527","812132C","ROBBERY/STRNGARM/ATT","812","F","2","ROBBERY/STRONGARM/W/AGG BATTERY/ATTEMPT"
"528","812132C","ROBBERY/STRNGARM/ATT","812","F","1","ROBBERY/STRONGARM W/AGG BATTERY"
"529","812132C","ROBBERY/STRNGARM/ATT","812","F","2","ROBBERY/STRONGARM/MASK/ATTEMPT"
"530","812132C","ROBBERY/STRNGARM/ATT","812","F","1","ROBBERY/STRONGARM/MASK"
"531","81201403C","PETIT THEFT 2> CONV","812",NA,NA,NA
"532","81201507","ANTISHPLFT DEV/USE","812",NA,NA,NA
"533","81201506","RESIST OFFICER/MERCH","812",NA,NA,NA
"534","81201402C6","GND THFT/VEH/ARMED","812",NA,NA,NA
"535","817631","CREDIT CARD/EQUIP","817","F","3","CREDIT CARD/EQUIPMENT TO MAKE/POSSESS, SELL, ETC."
"536","817602","CRED CARD/LOST/ATT","817","M","2","CREDIT CARD/LOST, MISLAID/ATTEMPT"
"537","817602","CRED CARD/LOST/ATT","817","M","1","CREDIT CARD/LOST, MISLAID"
"538","81756853B2","UNLAW POSS 5+ INDET","817","F","3","UNLAW POSSES 5 OR MORE IDENT"
"539","81756853A","UNLAW POSS <4 IDENT","817","M","1","UNLAW POSSES 4 OR FEWER IDENT"
"540","817611","CREDIT CARD/TRAFFICK","817","F","2","CREDIT CARD/TRAFFICK IN COUNTERFEIT"
"541","817611","CREDIT CARD/TRAFFICK","817","F","3","CREDIT CARD/TRAFFICK IN COUNTERFEIT/CONSPIRACY"
"542","817523","HIRED VEH/FAIL REDEL","817","F","3","HIRED VEHICLE/FAIL TO REDELIVER"
"543","8172361","VEH INS CARD/FALSE","817","F","3","MOTOR VEHICLE INSURANCE CARD/FALSE/FRAUDULENT"
"544","817606A","CREDIT CARD/FORGERY","817","F","3","CREDIT CARD/FORGERY/INTENT TO DEFRAUD"
"545","817606A","CREDIT CARD/FORGERY","817","M","1","CREDIT CARD/FORGERY/INTENT TO DEFRAUD/CONSPIRACY"
"546","81756802A","ID/USE/POS/FRAUD/CON","817",NA,NA,NA
"547","817601","CREDIT CARD/THEFT OF","817","M","1","CREDIT CARD/THEFT OF"
"548","81749","FALSE REPORT/CRIME","817","M","1","FALSE REPORT OF COMMISSION OF A CRIME"
"549","81756802A","ID/USE/POSS/FRAUD","817",NA,NA,NA
"550","81756802","ID/USE/POSSESS/FRD","817",NA,NA,NA
"551","817608","UNLA POSS STO CREDIT","817","F","3","UNLAWFUL POSSESS OF A STOLEN CREDIT OR DEBIT CARD"
"552","817521","VEHICLE/OBT BY TRICK","817","F","3","VEHICLE/OBTAIN BY TRICK"
"553","81761102A","CREDIT CARD/TRF/5-14","817",NA,NA,NA
"554","81761102B","CREDIT CARD/TR/15-49","817",NA,NA,NA
"555","81756802A","ID/FRD USE/ATTEMPT","817",NA,NA,NA
"556","817605","CREDIT CARD/DEALING","817","F","3","CREDIT CARD/DEALING IN ANOTHERS"
"557","827032D","CHILD NEG NO GR HARM","827","F","3","CHILD NEGLECT NO GREAT BOD HARM"
"558","827031","CHILD ABUSE/AGG/90","827","F","2","CHILD ABUSE/AGGRAVATED/GREAT BOD HARM/TOR/90"
"559","827032C","CHILD ABUSE/NO HARM","827","F","3","CHILD ABUSE/NO GREAT BODILY HARM"
"560","827041","CONTRI DELINQ MINOR","827","M","1","CONTRIBUTING TO DELINQUENCY/DEPENDENCY OF A CHILD"
"561","828122","ANIMAL/CRUELTY/INTNT","828","F","3","ANIMAL/CRUELTY TO WITH INTENT TO INJURE, KILL/CON"
"562","828122","ANIMAL/CRUELTY/INTNT","828","F","3","ANIMAL/CRUELTY TO WITH INTENT TO INJURE, KILL"
"563","828122","ANIMAL/CRUELTY/INTNT","828","F","2","ANIMAL/CRUELTY W/ INTENT INJURE/KILL/DEADLY WEAPON"
"564","828122","ANIMAL/CRUELTY/INTNT","828","F","3","ANIMAL/CRUELTY TO WITH INTENT /INJURE/KILL/2ND/SUB"
"565","83103202","CNTRFT/LBEL>2500<20K","831",NA,NA,NA
"566","83131101","CONT SUB/PRESC BLNK","831",NA,NA,NA
"567","831282A","CNFT/PMT INSTRUMENT","831","F","3","COUNTERFEIT/POSSESS COUNTERFEIT/PAYMENT INSTRUMENT"
"568","83102","UTTER/FRG/CHECK/ATTP","831","M","1","UTTERING FORGED INSTRUMENT/CHECK/ATTEMPT"
"569","83102","UTTER/FRG/CHECK/ATTP","831","F","3","UTTERING FORGED INSTRUMENTS"
"570","83102","UTTER/FRG/CHECK/ATTP","831","F","3","UTTERING FORGED INSTRUMENTS/PRINCIPAL"
"571","83102","UTTER/FRG/CHECK/ATTP","831","F","3","UTTERING FORGED INSTRUMENT/CREDIT CARD"
"572","83102","UTTER/FRG/CHECK/ATTP","831","F","3","UTTERING FORGED INSTRUMENT/CHECK"
"573","83102B","UTTERING/CHECK","831",NA,NA,NA
"574","83108","FORGED NOTES/POSN","831","F","3","FORGED, COUNTERFEIT NOTES/POSSESSION"
"575","836122","THREATEN/LEO/ASA/FIR","836","M","1","THREATEN LAW ENFORCEMENT OFFICER/ASA/FIRE/JUD"
"576","837055","FLS INFO/LAW OFC/INV","837","M","1","FALSE INFORMATION TO LAW OFFICER/INVESTIGATION"
"577","83802101A","PUB SERV/THREATEN","838",NA,NA,NA
"578","83802101A","PUB SRV/INF PRF/HARM","838",NA,NA,NA
"579","84302","RESIST OFF W/O VIOL","843","M","1","RESISTING OFFICER WITHOUT VIOLENCE TO HIS PERSON"
"580","84303","OBSTRT/DISGUISE PERS","843","M","1","OBSTRUCTION BY DISGUISED PERSON"
"581","84301","RESIST OFF W/VIO/FIR","843","F","2","RESISTING OFFICER W/VIOLENCE TO HIS PERSON/FIREARM"
"582","84301","RESIST OFF W/VIO/FIR","843","F","3","RESISTING OFFICER WITH VIOLENCE TO HIS PERSON"
"583","84301","RESIST OFF W/VIOL","843","F","2","RESISTING OFFICER W/VIOLENCE TO HIS PERSON/FIREARM"
"584","84301","RESIST OFF W/VIOL","843","F","3","RESISTING OFFICER WITH VIOLENCE TO HIS PERSON"
"585","84308","FLS PERSONATE OFF","843","F","L","FALSELY PERSONATING OFFICER/COMM/FEL/DW/DEATH"
"586","84308","FLS PERSONATE OFF","843","F","1","FALSELY PERSONATE OFFICER/COMM OF FEL/INJURY/DEATH"
"587","84308","FLS PERSONATE OFF","843","F","2","FALSELY PERSONATE OFFICER/COMMISSION OF FELONY"
"588","84308","FLS PERSONATE OFF","843","F","3","FALSELY PERSONATE AN OFFICER"
"589","84308","FLS PERSONATE OFF","843","F","1","FALSELY PERSONATING OFF/COMM/FELONY/DWEAPON"
"590","843233","TAMPER/ELEC/MONITOR","843","F","3","TAMPERING WITH ELECTRONIC MONITORING DEVICE"
"591","856021","LOITERING OR PROWL","856","M","2","LOITERING OR PROWLING"
"592","856011","DISORDERLY INTOX","856","M","2","DISORDERLY INTOXICATION"
"593","85905","NARCOTICS/NO PRESC","859","F","3","NARCOTICS/SELL WITHOUT PRESCRIPTION"
"594","86509","FALSE NAME/FAIL REG","865","M","2","FICTITIOUS NAME/FAIL TO REGISTER"
"595","87703","DISORDERLY CONDUCT","877","M","2","DISORDERLY CONDUCT/BREACH OF THE PEACE"
"596","893131A2C","CANN/SELL/DEL/PSNW/I","893",NA,NA,NA
"597","893136B","CANNABIS/POSN/0-20","893","M","2","CANNABIS/POSSESSION UNDER 20 GRAMS/ATTEMPT"
"598","893136B","CANNABIS/POSN/0-20","893","M","1","CANNABIS/POSSESSION/20 GRAMS OR LESS"
"599","893131A1","COCAINE/SELL/MAN/ATT","893","F","3","COCAINE/SELL/MAN/DEL/POSSESS W/INTENT/ATTEMPT"
"600","893131A1","COCAINE/SELL/MAN/ATT","893","F","3","CONTROLLED SUBSTANCE/SELL/MAN/DEL/POSN W/INT/CONSP"
"601","893131A1","COCAINE/SELL/MAN/ATT","893","F","2","CONTROLLED SUBSTANCE/SELL/MAN/DEL/POSS W/INTENT"
"602","893131A1","COCAINE/SELL/MAN/ATT","893","F","3","COCAINE/SELL/MAN/DEL/POSS W/INTENT/SOLICITATION"
"603","893131A1","COCAINE/SELL/MAN/ATT","893","F","3","COCAINE/SELL/MAN/DEL/POSSESS W/INTENT/CONSPIRE"
"604","893131A1","COCAINE/SELL/MAN/ATT","893","F","1","CONT SUBST/SELL/MAN/DEL/POSS W/INTENT/ARMED"
"605","893131A1","COCAINE/SELL/MAN/ATT","893","F","3","COCAINE/SELL/MAN/DEL/POSSESS W/INTENT/ATTEMPT"
"606","893131A1","COCAINE/SELL/MAN/ATT","893","F","2","COCAINE/SELL/MAN/DELIVER/POSSESS W/INTENT"
"607","893131A1","COCAINE/SELL/MAN/ATT","893","F","3","HASHISH/SELL/MAN/DELIVER/POSSESS W/INTENT"
"608","893131A1","COCAINE/SELL/MAN/ATT","893","F","2","HEROIN/SELL/MAN/DELIVER/POSSESS W/INTENT"
"609","893131A1","COCAINE/SELL/MAN/ATT","893","F","2","HEROIN/SELL/MAN/DELIVER/POSS W/INTENT/PRINCIPAL"
"610","893131A1","COCAINE/SELL/MAN/ATT","893","F","2","METHADONE/SELL/MAN/DELIVER/POSSESS W/INTENT"
"611","893131A1","COCAINE/SELL/MAN/ATT","893","F","2","OPIUM/DERIV/SELL/MAN/DEL/POSSESS W/INTENT"
"612","893131A1","COCAINE/SELL/MAN/ATT","893","F","2","MORPHINE/SELL/MAN/DELIVER/POSSESS W/INTENT"
"613","893136A1","COCAINE/POSSESSION","893","F","3","COCAINE/POSSESSION/ATTEMPT"
"614","893136A1","COCAINE/POSSESSION","893","F","3","COCAINE/POSSESSION/CONSPIRACY"
"615","893136A1","COCAINE/POSSESSION","893","F","2","COCAINE/POSSESSION WITH A FIREARM"
"616","893136A2","CANNABIS/POSN/20+","893",NA,NA,NA
"617","893136B","CANN/POSN/-20/ATTEMP","893","M","2","CANNABIS/POSSESSION UNDER 20 GRAMS/ATTEMPT"
"618","893136B","CANN/POSN/-20/ATTEMP","893","M","1","CANNABIS/POSSESSION/20 GRAMS OR LESS"
"619","893136A","CONT SUBS/POSS","893","F","2","CANNABIS/POSSESS/MORE THAN 20 GR/ARMED"
"620","893136A","CONT SUBS/POSS","893","F","3","CONTROLLED SUBSTANCE/POSSESSION"
"621","893136A","CONT SUBS/POSS","893","F","3","CONTROLLED SUBSTANCE/POSSESSION/THC"
"622","893136A","CONT SUBS/POSS","893","F","3","COCAINE/POSSESSION"
"623","893136A","CONT SUBS/POSS","893","F","3","CANNABIS/POSSESSION/MORE THAN 20 GRAMS"
"624","893136A","CONT SUBS/POSS","893","F","2","CONTROLLED SUBSTANCE/POSSESSION/ARMED"
"625","893132A2","CANNAB/PUR/POS/SOLIC","893","M","1","CANNABIS/PURCHASE/POSN W/INTENT TO PURCH/CONSPACY"
"626","893132A2","CANNAB/PUR/POS/SOLIC","893","F","3","CONTROLLED SUBSTANCE/PURCHASE/POSESS W/INTENT"
"627","893132A2","CANNAB/PUR/POS/SOLIC","893","M","1","CANNABIS/PURCHASE/POSN W/INTENT/SOLICIT"
"628","893132A2","CANNAB/PUR/POS/SOLIC","893","M","1","CANNABIS/PURCHASE/POSN W/INTENT TO PURCH/ATTEMPT"
"629","893132A2","CANNAB/PUR/POS/SOLIC","893","F","3","CANNABIS/PURCHASE/POSN/W/INTENT TO PURCHASE"
"630","893131A1","CONT SUB/SELL/DEL","893","F","3","COCAINE/SELL/MAN/DEL/POSSESS W/INTENT/ATTEMPT"
"631","893131A1","CONT SUB/SELL/DEL","893","F","3","CONTROLLED SUBSTANCE/SELL/MAN/DEL/POSN W/INT/CONSP"
"632","893131A1","CONT SUB/SELL/DEL","893","F","2","CONTROLLED SUBSTANCE/SELL/MAN/DEL/POSS W/INTENT"
"633","893131A1","CONT SUB/SELL/DEL","893","F","3","COCAINE/SELL/MAN/DEL/POSS W/INTENT/SOLICITATION"
"634","893131A1","CONT SUB/SELL/DEL","893","F","3","COCAINE/SELL/MAN/DEL/POSSESS W/INTENT/CONSPIRE"
"635","893131A1","CONT SUB/SELL/DEL","893","F","1","CONT SUBST/SELL/MAN/DEL/POSS W/INTENT/ARMED"
"636","893131A1","CONT SUB/SELL/DEL","893","F","3","COCAINE/SELL/MAN/DEL/POSSESS W/INTENT/ATTEMPT"
"637","893131A1","CONT SUB/SELL/DEL","893","F","2","COCAINE/SELL/MAN/DELIVER/POSSESS W/INTENT"
"638","893131A1","CONT SUB/SELL/DEL","893","F","3","HASHISH/SELL/MAN/DELIVER/POSSESS W/INTENT"
"639","893131A1","CONT SUB/SELL/DEL","893","F","2","HEROIN/SELL/MAN/DELIVER/POSSESS W/INTENT"
"640","893131A1","CONT SUB/SELL/DEL","893","F","2","HEROIN/SELL/MAN/DELIVER/POSS W/INTENT/PRINCIPAL"
"641","893131A1","CONT SUB/SELL/DEL","893","F","2","METHADONE/SELL/MAN/DELIVER/POSSESS W/INTENT"
"642","893131A1","CONT SUB/SELL/DEL","893","F","2","OPIUM/DERIV/SELL/MAN/DEL/POSSESS W/INTENT"
"643","893131A1","CONT SUB/SELL/DEL","893","F","2","MORPHINE/SELL/MAN/DELIVER/POSSESS W/INTENT"
"644","893131A2","CANN/SELL/DEL/ARMED","893","F","3","CANNABIS/SELL/MAN/DELLLIV/POSSESS W/INTENT/ATTEMPT"
"645","893131A2","CANN/SELL/DEL/ARMED","893","F","3","CANNABIS/SELL/MAN/DELIV/POSS W/INTENT/CONSPIRE"
"646","893131A2","CANN/SELL/DEL/ARMED","893","F","3","CONT SUBST/SELL/MAN/DEL/POSN W/INT/CONSPIRE"
"647","893131A2","CANN/SELL/DEL/ARMED","893","F","2","CANNABIS/SELL/MAN/DEL/POSS W/INTENT/ARMED"
"648","893131A2","CANN/SELL/DEL/ARMED","893","F","2","CONTROLLED SUBSTANCE/SELL/MAN/DEL/POSS/W/INT/ARMED"
"649","893131A2","CANN/SELL/DEL/ARMED","893","F","3","CANNABIS/SELL/MANUFACTURE/DEL/POSN W/IN"
"650","893131A2","CANN/SELL/DEL/ARMED","893","F","3","CANNABIS/SELL/MAN/DELIV/POSS W/INTENT/SOLICIT"
"651","893131A2","CANN/SELL/DEL/ARMED","893","F","3","CONTROLLED SUBSTANCE/SELL/MAN/DEL/POSN W/INTENT"
"652","893131A2","CANN/SELL/DEL/ARMED","893","F","3","CANNABIS/SELL/MAN/DELIVER/POSSESS W/ INTENT"
"653","893131A2","CANN/SELL/DEL/ARMED","893","F","3","CANNABIS/SALE, DELIVERY/PRINCIPAL"
"654","893131A2","CANN/SELL/DEL/ARMED","893","F","3","HALLUCINOGENS/SELL/MAN/DELIVER/POSSESS W/INTENT"
"655","893131A2","CANN/SELL/DEL/ARMED","893","F","3","BARBITURATE/STIM/SELL/MAN/DEL/POSSESS W/INTENT"
"656","893131A2","CANN/SELL/DEL/ARMED","893","F","3","SYNTHETIC NARCOTICS/SELL/MAN/DEL/POSN W/INTENT"
"657","893131A1C","COKE/SELL/DEL/W/INT","893",NA,NA,NA
"658","893131A2","CANN/SELL/DEL/ATTEMP","893","F","3","CANNABIS/SELL/MAN/DELLLIV/POSSESS W/INTENT/ATTEMPT"
"659","893131A2","CANN/SELL/DEL/ATTEMP","893","F","3","CANNABIS/SELL/MAN/DELIV/POSS W/INTENT/CONSPIRE"
"660","893131A2","CANN/SELL/DEL/ATTEMP","893","F","3","CONT SUBST/SELL/MAN/DEL/POSN W/INT/CONSPIRE"
"661","893131A2","CANN/SELL/DEL/ATTEMP","893","F","2","CANNABIS/SELL/MAN/DEL/POSS W/INTENT/ARMED"
"662","893131A2","CANN/SELL/DEL/ATTEMP","893","F","2","CONTROLLED SUBSTANCE/SELL/MAN/DEL/POSS/W/INT/ARMED"
"663","893131A2","CANN/SELL/DEL/ATTEMP","893","F","3","CANNABIS/SELL/MANUFACTURE/DEL/POSN W/IN"
"664","893131A2","CANN/SELL/DEL/ATTEMP","893","F","3","CANNABIS/SELL/MAN/DELIV/POSS W/INTENT/SOLICIT"
"665","893131A2","CANN/SELL/DEL/ATTEMP","893","F","3","CONTROLLED SUBSTANCE/SELL/MAN/DEL/POSN W/INTENT"
"666","893131A2","CANN/SELL/DEL/ATTEMP","893","F","3","CANNABIS/SELL/MAN/DELIVER/POSSESS W/ INTENT"
"667","893131A2","CANN/SELL/DEL/ATTEMP","893","F","3","CANNABIS/SALE, DELIVERY/PRINCIPAL"
"668","893131A2","CANN/SELL/DEL/ATTEMP","893","F","3","HALLUCINOGENS/SELL/MAN/DELIVER/POSSESS W/INTENT"
"669","893131A2","CANN/SELL/DEL/ATTEMP","893","F","3","BARBITURATE/STIM/SELL/MAN/DEL/POSSESS W/INTENT"
"670","893131A2","CANN/SELL/DEL/ATTEMP","893","F","3","SYNTHETIC NARCOTICS/SELL/MAN/DEL/POSN W/INTENT"
"671","89314701","DRUG PARAPHERNA/POSN","893",NA,NA,NA
"672","893131A1F","HER/SELL/DEL W/INT","893",NA,NA,NA
"673","893131C1","COKE/SCHOOL/CONSP","893","F","1","CONT SUB/SELL/DEL/POSN/1000FT/SCHOOL/ATTEMPT/ARMED"
"674","893131C1","COKE/SCHOOL/CONSP","893","F","2","CONT SUB/SELL/DEL/POSN W/INT/1000 FT/SCHOOL/ATTMPT"
"675","893131C1","COKE/SCHOOL/CONSP","893","F","2","COCAINE/SELL/DEL/POSN W/INTENT/1000 OF SCHOOL/CONS"
"676","893131C1","COKE/SCHOOL/CONSP","893","F","2","COCAINE/SELL/DEL/POSN W/INTENT/1000FT SCH/CON/GANG"
"677","893131C1","COKE/SCHOOL/CONSP","893","F","L","CONT SUB/SELL/DEL/POSN W/INT/1000 FT/SCH/ARMED"
"678","893131C1","COKE/SCHOOL/CONSP","893","F","1","CONT SUB/SELL/DEL/POSN W/INT/1000 FT/SCHOOL"
"679","893131C1","COKE/SCHOOL/CONSP","893","F","2","CONT SUB/SELL/DEL/POSN W/INT/1000 FT/SCHOOL/CONSPI"
"680","893131C1","COKE/SCHOOL/CONSP","893","F","1","COCAINE/SELL/DEL/POSN W/INTENT/1000 FT OF SCHOOL"
"681","893131A1C","COKE/SELL/DEL/ATTEMT","893",NA,NA,NA
"682","893132A1B","COCAINE/PURCHASE","893",NA,NA,NA
"683","893131A1E","HASH/SELL/POSS/W/INT","893",NA,NA,NA
"684","89313501C1C","ILLDRG/TRF/28G>/<30K","893",NA,NA,NA
"685","893132A2","CANN/PURCH/CONSPIRAC","893","M","1","CANNABIS/PURCHASE/POSN W/INTENT TO PURCH/CONSPACY"
"686","893132A2","CANN/PURCH/CONSPIRAC","893","F","3","CONTROLLED SUBSTANCE/PURCHASE/POSESS W/INTENT"
"687","893132A2","CANN/PURCH/CONSPIRAC","893","M","1","CANNABIS/PURCHASE/POSN W/INTENT/SOLICIT"
"688","893132A2","CANN/PURCH/CONSPIRAC","893","M","1","CANNABIS/PURCHASE/POSN W/INTENT TO PURCH/ATTEMPT"
"689","893132A2","CANN/PURCH/CONSPIRAC","893","F","3","CANNABIS/PURCHASE/POSN/W/INTENT TO PURCHASE"
"690","893131A2I","SYN NARC/SELL/DELIV","893",NA,NA,NA
"691","893132A2","CONT SUB/PUR/POS W/I","893","M","1","CANNABIS/PURCHASE/POSN W/INTENT TO PURCH/CONSPACY"
"692","893132A2","CONT SUB/PUR/POS W/I","893","F","3","CONTROLLED SUBSTANCE/PURCHASE/POSESS W/INTENT"
"693","893132A2","CONT SUB/PUR/POS W/I","893","M","1","CANNABIS/PURCHASE/POSN W/INTENT/SOLICIT"
"694","893132A2","CONT SUB/PUR/POS W/I","893","M","1","CANNABIS/PURCHASE/POSN W/INTENT TO PURCH/ATTEMPT"
"695","893132A2","CONT SUB/PUR/POS W/I","893","F","3","CANNABIS/PURCHASE/POSN/W/INTENT TO PURCHASE"
"696","893136A","CANN/POSN/OVER 20/AR","893","F","2","CANNABIS/POSSESS/MORE THAN 20 GR/ARMED"
"697","893136A","CANN/POSN/OVER 20/AR","893","F","3","CONTROLLED SUBSTANCE/POSSESSION"
"698","893136A","CANN/POSN/OVER 20/AR","893","F","3","CONTROLLED SUBSTANCE/POSSESSION/THC"
"699","893136A","CANN/POSN/OVER 20/AR","893","F","3","COCAINE/POSSESSION"
"700","893136A","CANN/POSN/OVER 20/AR","893","F","3","CANNABIS/POSSESSION/MORE THAN 20 GRAMS"
"701","893136A","CANN/POSN/OVER 20/AR","893","F","2","CONTROLLED SUBSTANCE/POSSESSION/ARMED"
"702","893132A2A","CANNABIS/PURCH/ATTMT","893",NA,NA,NA
"703","893051","CONT SUBS/ADMINISTER","893","M","1","CONTROLLED SUBSTANCE/ADMINISTERING UNLAWFULLY"
"704","89313501K2","PHEN/ECSTASY/TRA/>10","893",NA,NA,NA
"705","89313501B1","COKE/TRFK/ATTEMPT","893",NA,NA,NA
"706","893131A2C","CANNABIS/SALE/PRIN","893",NA,NA,NA
"707","893131A1H","METH/SELL/DEL/W/INT","893",NA,NA,NA
"708","893131A2","CON SUB/DEL/SELL/ARM","893","F","3","CANNABIS/SELL/MAN/DELLLIV/POSSESS W/INTENT/ATTEMPT"
"709","893131A2","CON SUB/DEL/SELL/ARM","893","F","3","CANNABIS/SELL/MAN/DELIV/POSS W/INTENT/CONSPIRE"
"710","893131A2","CON SUB/DEL/SELL/ARM","893","F","3","CONT SUBST/SELL/MAN/DEL/POSN W/INT/CONSPIRE"
"711","893131A2","CON SUB/DEL/SELL/ARM","893","F","2","CANNABIS/SELL/MAN/DEL/POSS W/INTENT/ARMED"
"712","893131A2","CON SUB/DEL/SELL/ARM","893","F","2","CONTROLLED SUBSTANCE/SELL/MAN/DEL/POSS/W/INT/ARMED"
"713","893131A2","CON SUB/DEL/SELL/ARM","893","F","3","CANNABIS/SELL/MANUFACTURE/DEL/POSN W/IN"
"714","893131A2","CON SUB/DEL/SELL/ARM","893","F","3","CANNABIS/SELL/MAN/DELIV/POSS W/INTENT/SOLICIT"
"715","893131A2","CON SUB/DEL/SELL/ARM","893","F","3","CONTROLLED SUBSTANCE/SELL/MAN/DEL/POSN W/INTENT"
"716","893131A2","CON SUB/DEL/SELL/ARM","893","F","3","CANNABIS/SELL/MAN/DELIVER/POSSESS W/ INTENT"
"717","893131A2","CON SUB/DEL/SELL/ARM","893","F","3","CANNABIS/SALE, DELIVERY/PRINCIPAL"
"718","893131A2","CON SUB/DEL/SELL/ARM","893","F","3","HALLUCINOGENS/SELL/MAN/DELIVER/POSSESS W/INTENT"
"719","893131A2","CON SUB/DEL/SELL/ARM","893","F","3","BARBITURATE/STIM/SELL/MAN/DEL/POSSESS W/INTENT"
"720","893131A2","CON SUB/DEL/SELL/ARM","893","F","3","SYNTHETIC NARCOTICS/SELL/MAN/DEL/POSN W/INTENT"
"721","893136A1","COCAINE/POSN/F/A","893","F","3","COCAINE/POSSESSION/ATTEMPT"
"722","893136A1","COCAINE/POSN/F/A","893","F","3","COCAINE/POSSESSION/CONSPIRACY"
"723","893136A1","COCAINE/POSN/F/A","893","F","2","COCAINE/POSSESSION WITH A FIREARM"
"724","893131A2A","CONT SUBS/SELL/DEL","893",NA,NA,NA
"725","893137A9","CONT SUBS/FRAUD","893","F","3","CONTROLLED SUBSTANCE/OBTAIN BY FRAUD, FORGERY"
"726","893131A2","CANN/SELL DEL/SOLIC","893","F","3","CANNABIS/SELL/MAN/DELLLIV/POSSESS W/INTENT/ATTEMPT"
"727","893131A2","CANN/SELL DEL/SOLIC","893","F","3","CANNABIS/SELL/MAN/DELIV/POSS W/INTENT/CONSPIRE"
"728","893131A2","CANN/SELL DEL/SOLIC","893","F","3","CONT SUBST/SELL/MAN/DEL/POSN W/INT/CONSPIRE"
"729","893131A2","CANN/SELL DEL/SOLIC","893","F","2","CANNABIS/SELL/MAN/DEL/POSS W/INTENT/ARMED"
"730","893131A2","CANN/SELL DEL/SOLIC","893","F","2","CONTROLLED SUBSTANCE/SELL/MAN/DEL/POSS/W/INT/ARMED"
"731","893131A2","CANN/SELL DEL/SOLIC","893","F","3","CANNABIS/SELL/MANUFACTURE/DEL/POSN W/IN"
"732","893131A2","CANN/SELL DEL/SOLIC","893","F","3","CANNABIS/SELL/MAN/DELIV/POSS W/INTENT/SOLICIT"
"733","893131A2","CANN/SELL DEL/SOLIC","893","F","3","CONTROLLED SUBSTANCE/SELL/MAN/DEL/POSN W/INTENT"
"734","893131A2","CANN/SELL DEL/SOLIC","893","F","3","CANNABIS/SELL/MAN/DELIVER/POSSESS W/ INTENT"
"735","893131A2","CANN/SELL DEL/SOLIC","893","F","3","CANNABIS/SALE, DELIVERY/PRINCIPAL"
"736","893131A2","CANN/SELL DEL/SOLIC","893","F","3","HALLUCINOGENS/SELL/MAN/DELIVER/POSSESS W/INTENT"
"737","893131A2","CANN/SELL DEL/SOLIC","893","F","3","BARBITURATE/STIM/SELL/MAN/DEL/POSSESS W/INTENT"
"738","893131A2","CANN/SELL DEL/SOLIC","893","F","3","SYNTHETIC NARCOTICS/SELL/MAN/DEL/POSN W/INTENT"
"739","893136AA","CONT SUB/POSN/ARMED","893",NA,NA,NA
"740","89313501B1","COKE/TRFK/28>/<150K","893",NA,NA,NA
"741","893131C1E","COCAINE/SELL/SCHOOL","893",NA,NA,NA
"742","893132A1B","COCAINE/PUR/ATTEMPT","893",NA,NA,NA
"743","893131A1F","HER/SELL/DEL/W/INT/P","893",NA,NA,NA
"744","89313501A1","CANN/TRF/25-2000LBS","893",NA,NA,NA
"745","893136A1","COCAINE/POSS/CONSP","893","F","3","COCAINE/POSSESSION/ATTEMPT"
"746","893136A1","COCAINE/POSS/CONSP","893","F","3","COCAINE/POSSESSION/CONSPIRACY"
"747","893136A1","COCAINE/POSS/CONSP","893","F","2","COCAINE/POSSESSION WITH A FIREARM"
"748","893131A1","COKE/SELL/DEL/SOLICI","893","F","3","COCAINE/SELL/MAN/DEL/POSSESS W/INTENT/ATTEMPT"
"749","893131A1","COKE/SELL/DEL/SOLICI","893","F","3","CONTROLLED SUBSTANCE/SELL/MAN/DEL/POSN W/INT/CONSP"
"750","893131A1","COKE/SELL/DEL/SOLICI","893","F","2","CONTROLLED SUBSTANCE/SELL/MAN/DEL/POSS W/INTENT"
"751","893131A1","COKE/SELL/DEL/SOLICI","893","F","3","COCAINE/SELL/MAN/DEL/POSS W/INTENT/SOLICITATION"
"752","893131A1","COKE/SELL/DEL/SOLICI","893","F","3","COCAINE/SELL/MAN/DEL/POSSESS W/INTENT/CONSPIRE"
"753","893131A1","COKE/SELL/DEL/SOLICI","893","F","1","CONT SUBST/SELL/MAN/DEL/POSS W/INTENT/ARMED"
"754","893131A1","COKE/SELL/DEL/SOLICI","893","F","3","COCAINE/SELL/MAN/DEL/POSSESS W/INTENT/ATTEMPT"
"755","893131A1","COKE/SELL/DEL/SOLICI","893","F","2","COCAINE/SELL/MAN/DELIVER/POSSESS W/INTENT"
"756","893131A1","COKE/SELL/DEL/SOLICI","893","F","3","HASHISH/SELL/MAN/DELIVER/POSSESS W/INTENT"
"757","893131A1","COKE/SELL/DEL/SOLICI","893","F","2","HEROIN/SELL/MAN/DELIVER/POSSESS W/INTENT"
"758","893131A1","COKE/SELL/DEL/SOLICI","893","F","2","HEROIN/SELL/MAN/DELIVER/POSS W/INTENT/PRINCIPAL"
"759","893131A1","COKE/SELL/DEL/SOLICI","893","F","2","METHADONE/SELL/MAN/DELIVER/POSSESS W/INTENT"
"760","893131A1","COKE/SELL/DEL/SOLICI","893","F","2","OPIUM/DERIV/SELL/MAN/DEL/POSSESS W/INTENT"
"761","893131A1","COKE/SELL/DEL/SOLICI","893","F","2","MORPHINE/SELL/MAN/DELIVER/POSSESS W/INTENT"
"762","893131D2C","CANN/SELL/POS/COLLEG","893",NA,NA,NA
"763","893136C","CONT SUBS/POSN/>10GR","893","F","2","CONTROLLED SUBSTANCE/POSS/10 GRAMS+/CONSPIRACY"
"764","893136C","CONT SUBS/POSN/>10GR","893","F","L","CONTROLLED SUBSTANCE/POSSESSION 10GR+/ARMED"
"765","893136C","CONT SUBS/POSN/>10GR","893","F","1","CONTROLLED SUBSTANCE/POSSESSION >10GR"
"766","893135","DRUGS/TRAFFICKING","893","F","1","DRUGS/TRAFFICKING"
"767","89313501F","AMPHET/TRAFF/ATTEMPT","893",NA,NA,NA
"768","893131C2G","CANNABIS/SALE/SCHOOL","893",NA,NA,NA
"769","89314701B","POSSESSION/DRUG PARA","893",NA,NA,NA
"770","89314704","TRANSPORT/DRUG/PARAP","893",NA,NA,NA
"771","893132A1A","CONT SUBS/PURCHASE","893",NA,NA,NA
"772","893132A2A","CANNABIS/PURCHASE","893",NA,NA,NA
"773","893136A1","COCAINE/POSS/ATTEMPT","893","F","3","COCAINE/POSSESSION/ATTEMPT"
"774","893136A1","COCAINE/POSS/ATTEMPT","893","F","3","COCAINE/POSSESSION/CONSPIRACY"
"775","893136A1","COCAINE/POSS/ATTEMPT","893","F","2","COCAINE/POSSESSION WITH A FIREARM"
"776","893132A1A","CONT SUB/PUR/POS/SOL","893",NA,NA,NA
"777","893131E2","CANN/SELL/POSN W/INT","893","F","2","CONT SUB/SELL/POSN W/INT/1000FT CHURCH/CONV STORE"
"778","893131E2","CANN/SELL/POSN W/INT","893","F","3","CONT SUB/SELL/POSN W/INT/1KFT CHURCH/CONV ST/CON"
"779","893131E2","CANN/SELL/POSN W/INT","893","F","3","CANNABIS/SELL/POSN W/INT/1KFT CHURCH/CONV ST/CON"
"780","893131E2","CANN/SELL/POSN W/INT","893","F","2","CANN/SELL/DEL/MAN/POSN/1000FT/CHURCH/ATTEMPT/ARMED"
"781","893131E2","CANN/SELL/POSN W/INT","893","F","3","CANN/SELL/DEL/POSN W/INTENT/1000FT/CHURCH/ATTEMPT"
"782","893131E2","CANN/SELL/POSN W/INT","893","F","1","CONT SUB/SELL/POSN/1000 FT/CHURCH/CONV STORE/ARMED"
"783","893131E2","CANN/SELL/POSN W/INT","893","F","2","CANNABIS/POSS/SELL/POSS W/INTENT/1K/CHURCH/CONV ST"
"784","893131E2","CANN/SELL/POSN W/INT","893","F","1","CANN/SELL/MAN/DEL/POSN/1000FT/CHUR/CONVSTORE/ARMED"
"785","893132A1","COCAINE/PUR/POS/SOLI","893","F","3","COCAINE/PURCHASE/POSN W/INTENT TO PURCH/SOLICIT"
"786","893132A1","COCAINE/PUR/POS/SOLI","893","F","3","CONTROLLED SUB/PURCHASE/POSN W/INT TO PUR/ATTEMPT"
"787","893132A1","COCAINE/PUR/POS/SOLI","893","F","2","CONTROLLED SUBSTANCE/PURCHASE/POSN/W/INT/PURCHASE"
"788","893132A1","COCAINE/PUR/POS/SOLI","893","F","3","CONTROLLED SUBSTANCE/PURCHASE/POSS W/INTENT/SOLIC"
"789","893132A1","COCAINE/PUR/POS/SOLI","893","F","3","COCAINE/PURCHASE/POSN/W/INTENT TO PURCHASE/ATTEMPT"
"790","893132A1","COCAINE/PUR/POS/SOLI","893","F","3","COCAINE/PURCHASE/POSN/W/INTENT TO PURCH/CONSPIRACY"
"791","893132A1","COCAINE/PUR/POS/SOLI","893","F","2","COCAINE/PURCHASE/POSN/W/INTENT TO PURCHASE"
"792","901361","FLS NAME/ID/AFT ARRE","901","M","1","FALSE NAME/ID/AFTER ARREST"
"793","901362","FLS NAME/ID/AFT ARRT","901","F","3","FALSE NAME/ID/AFTER ARREST/ADVERSE AFFECT"
"794","90104","OUT-OF-CNTY/WARRANT","901","N","0","OUT-OF-COUNTY WARRANT"
"795","914222A","TAMPER/WIT/VIC/MISD","914","M","1","TAMPER/WIT/VIC/INF/MISDEMEANOR - CONSPIRACY"
"796","914222A","TAMPER/WIT/VIC/MISD","914","F","3","TAMPER/WIT/VIC/MISD"
"797","918131A","TAMPER W/EVIDENCE/AT","918","F","3","TAMPERING WITH PHYSICAL EVIDENCE/ATTEMPT"
"798","918131A","TAMPER W/EVIDENCE/AT","918","F","3","TAMPER WITH PHYSICAL EVIDENCE WHILE ARMED/ATTEMPT"
"799","918131A","TAMPER W/EVIDENCE/AT","918","F","3","TAMPER/PHYSICAL EVIDENCE/CONSPIRACY"
"800","918131A","TAMPER W/EVIDENCE/AT","918","F","2","TAMPER WITH PHYSICAL EVIDENCE WHILE ARMED"
"801","918131A","TAMPER W/EVIDENCE/AT","918","F","3","TAMPER WITH PHYSICAL EVIDENCE"
"802","918131A","TAMPER W/EVIDENCE/AT","918","F","3","TAMPER/PHYSICAL EVIDENCE/SOLICITATION"
"803","918131A","TAMPER/PHYS EVIDENCE","918","F","3","TAMPERING WITH PHYSICAL EVIDENCE/ATTEMPT"
"804","918131A","TAMPER/PHYS EVIDENCE","918","F","3","TAMPER WITH PHYSICAL EVIDENCE WHILE ARMED/ATTEMPT"
"805","918131A","TAMPER/PHYS EVIDENCE","918","F","3","TAMPER/PHYSICAL EVIDENCE/CONSPIRACY"
"806","918131A","TAMPER/PHYS EVIDENCE","918","F","2","TAMPER WITH PHYSICAL EVIDENCE WHILE ARMED"
"807","918131A","TAMPER/PHYS EVIDENCE","918","F","3","TAMPER WITH PHYSICAL EVIDENCE"
"808","918131A","TAMPER/PHYS EVIDENCE","918","F","3","TAMPER/PHYSICAL EVIDENCE/SOLICITATION"
"809","93443","WARR/OBST/IMPEDE","934","F","3","WARRANT/OBSTRUCT/IMPEDE/BY DISCLOSING INFORMATION"
"810","94113","FUG WARR/OUT O STATE","941","Z","0","FUGITIVE WARRANT-OUT OF STATE EXTRADITE"
"811","943043514C4","SEX OFFND/FAIL TO RE","943","F","3","SEX OFFENDER/FAIL TO REGISTER/RESPOND AS REQUIRED"
"812","9430435","SEX OFND/VIOL REGIST","943","F","3","SEXUAL OFFENDER/VIOLATE REGISTRATION REQUIREMENTS"
"813","94304354B","SEX OFF/CHNG ADD7/16","943","F","3","SEXUAL OFFENDER/FAIL TO REPORT CHANGE ADDRESS/7/16"
"814","94305901","SEAL/PETN/FALSE INFO","943",NA,NA,NA
"815","9444","ESCAPE","944",NA,NA,NA
"816","94806101","PROBATION VIOLATION","948",NA,NA,NA
"817","94806102","SUBJECT ON PROBATION","948",NA,NA,NA
"818","95122","INTRO ARTICLE/JAIL","951","F","3","INTRODUCTION, POSS/UNLAWFUL ARTICLE/JAIL/ATTEMPT"
"819","95122","INTRO ARTICLE/JAIL","951","F","3","INTRODUCTION, POSSESSION UNLAW ARTICLE/JAIL/CONSPI"
"820","95122","INTRO ARTICLE/JAIL","951","F","3","INTRODUCTION, POSSESSION UNLAWFUL ARTICLE/JAIL"
"821","995999","BOND SURRENDER","995","Z","0","BOND SURRENDER"
"822","995997","HOLD FOR IMMIGRATION","995","Z","0","HOLD FOR IMMIGRATION"
"823","995986","HOLD FOR MAGISTRATE","995","Z","0","HOLD FOR MAGISTRATE"
"824","995995","HOLD FOR AGENCY","995","Z","0","HOLD FOR OTHER AGENCY"
"825","9961","WRIT/BODILY ATTACH","996",NA,NA,NA
"826","9964","DOMESTIC VIOL WARRNT","996",NA,NA,NA
"827","9963","HOLD/DRUG ALC TREAT","996",NA,NA,NA
