"","charge","codes","Statute_orginal","Type","Degree","Desc"
"1","DWLS/KNOWINGLY","322","32234002A","M","2","DRIVING/LICENSE SUSPENDED/KNOWINGLY/1ST OFFENSE"
"2","DWLS/KNOWINGLY","322","32234002A","T","0","DRIVING WHILE LICENSE SUSPENDED/KNOWINGLY"
"3","DWLS/HABITUAL","322","32234005","F","3","DRIVING WHILE LICENSE SUSPENDED/HABITUAL"
"4","DWLS/3RD & SUBS OFFN","322","32234002C","F","3","DRIVING WHILE LICENSE SUSPENDED/3RD&SUBS OFFENSE"
"5","DWLS/KNOWINGLY","322","32234002","M","2","DRIVING WHILE LICENSE SUSPENDED/WITH KNOWLEDGE"
"6","DWLS/KNOWINGLY","322","32234002","T","0","DRIVING WHILE LICENSE SUSPENDED/WITH KNOWLEDGE"
"7","DWLS/FINANCIAL SUSP","322","322340010B1","M","2","DRIVE WHILE LICENSE SUSPENDED/FINANCIAL SUSPENSION"
"8","DWLS/FINANCIAL SUSP","322","322340010B1","T","0","DRIVE WHILE LICENSE SUSPENDED/FINANCIAL SUSPENSION"
"9","DWLS/2ND OFFENSE","322","32234002B","M","1","DRIVING/LICENSE SUSPENDED/KNOWINGLY/2ND OFFENSE"
"10","DWLS/2ND OFFENSE","322","32234002B","T","0","DRIVING/LICENSE SUSPENDED/KNOWINGLY/2ND OFFENSE"
"11","DWLS-NO PRIOR FELONY","322","322340010A","M","2","DWLS-NO PRIOR FELONY"
"12","DWLS-NO PRIOR FELONY","322","322340010A","T","0","DWLS-NO PRIOR FELONY"
"13","NO VALID DRIVERS LIC","322","32203001","M","2","NO VALID DRIVERS LICENSE"
"14","NO VALID DRIVERS LIC","322","32203001","T","0","NO VALID DRIVERS LICENSE"
"15","DL/POSN OF STOLEN","322","32221201A","F","3","DRIVERS LICENSE/POSSESSION OF STOLEN/FICTITIOUS"
"16","DL/EXPIRED 6 MTHS+","322","32203005","M","2","DRIVER LICENSE/EXPIRED > 6 MTHS/7-1-10 OR AFTER"
"17","DL/EXPIRED 6 MTHS+","322","32203005","T","0","DRIVER LICENSE/EXPIRED > 6 MTHS/7-1-10 OR AFTER"
"18","NO M/CYCLE ENDRSEMNT","322","32257002","M","2","NO MOTORCYCLE ENDORSEMENT"
"19","NO M/CYCLE ENDRSEMNT","322","32257002","T","0","NO MOTORCYCLE ENDORSEMENT"
"20","DL/DRV WHL PERM/REVK","322","3223410","I","0","DWLS/NO KNOWLEDGE"
"21","DL/DRV WHL PERM/REVK","322","3223410","F","3","DRIVER LICENSE/DRIVING WHILE PERMANENTLY REVOKED"
"22","DWLS/FIN SUSP/SUB V","322","322340010B2","M","1","DRIVE WHILE LICENSE SUSP/FINANCIAL SUSP/SUBSE VIOL"
"23","DWLS/FIN SUSP/SUB V","322","322340010B2","T","0","DRIVE WHILE LICENSE SUSP/FINANCIAL SUSP/SUBSE VIOL"
"24","DL/MOTORCYCLE ENDORS","322","32203004","M","2","DRIVERS LICENSE/MOTORCYCLE ENDORSEMENT"
"25","DL/MOTORCYCLE ENDORS","322","32203004","T","0","DRIVERS LICENSE/MOTORCYCLE ENDORSEMENT"
"26","DL/POSN OF INSTR SIM","322","32221201B","F","3","DRIVERS LICENSE/POSN OF INSTRUMENT IN SIMILITUDE"
"27","DW/OL/DWLS/DEATH,INJ","322","32234006","F","3","DRIVING W/O LIC/WHILE LIC SUSP/DEATH, BODILY INJUR"
"28","NO CDL","322","3225300","M","2","NO COMMERCIAL DRIVER'S LICENSE"
"29","NO CDL","322","3225300","T","0","NO COMMERCIAL DRIVER'S LICENSE"
"30","DL/POSN SIMILITUDE","322","32221201C","F","3","DRIVERS LICENSE/POSN SIMILITUDE/NAME/AGE"
"31","DL/ID/DEL/STOLE","322","32221201D","F","3","DRIVERS LICENSE/ID CARD/SELL/DEL/STOLEN/FORGED"
"32","DL/POSN SUSPENDED","322","32232001","M","2","DRIVERS LICENSE/POSSESSION OF SUSPENDED, ETC"
"33","DL/POSN SUSPENDED","322","32232001","T","0","DRIVERS LICENSE/POSSESSION OF SUSPENDED, ETC"
"34","DL/NON-RESIDENT REQ","322","32203101",NA,NA,NA
"35","VIOL/DL RESTRICTIONS","322","32216001C","M","2","VIOLATION OF DRIVER'S LICENSE RESTRICTIONS"
"36","VIOL/DL RESTRICTIONS","322","32216001C","T","0","VIOLATION OF DRIVER'S LICENSE RESTRICTIONS"
"37","USE OTH DL/FL LIC SU","322","32230001","M","2","DRIVE W/ OUT-OF-STATE LICENSE WHEN FLA DL SUSP/REV"
"38","USE OTH DL/FL LIC SU","322","32230001","T","0","DRIVE W/ OUT-OF-STATE LICENSE WHEN FLA DL SUSP/REV"
"39","DL/EXPIRED 4 MTHS+","322","32203005","M","2","DRIVER LICENSE/EXPIRED > 6 MTHS/7-1-10 OR AFTER"
"40","DL/EXPIRED 4 MTHS+","322","32203005","T","0","DRIVER LICENSE/EXPIRED > 6 MTHS/7-1-10 OR AFTER"
"41","DL/FALSE DISPLAY","322","32232003","M","2","DRIVERS LICENSE/FALSE DISPLAY"
"42","DL/FALSE DISPLAY","322","32232003","T","0","DRIVERS LICENSE/FALSE DISPLAY"
"43","DL/ID/ALT DOB/POSN","322","32221205B","M","2","DL OR ID/ALTERED DOB/POSSESSION"
"44","DL/>THAN 1 FLORIDA","322","32203001B",NA,NA,NA
"45","DL/PERMIT UNLAW USE","322","32232005","M","2","DRIVERS LICENSE/PERMIT UNLAWFUL USE"
"46","DL/PERMIT UNLAW USE","322","32232005","T","0","DRIVERS LICENSE/PERMIT UNLAWFUL USE"
"47","DISP/POSS/FALSE ID","322","32205106A",NA,NA,NA
"48","DL/FAIL TO SURRENDER","322","32232004","M","2","DRIVERS LICENSE/FAIL TO SURRENDER"
"49","DL/FAIL TO SURRENDER","322","32232004","T","0","DRIVERS LICENSE/FAIL TO SURRENDER"
"50","ID CARD/UNLAWFUL USE","322","3220510","M","2","IDENTIFICATION CARD VIOLATION"
"51","ID CARD/UNLAWFUL USE","322","3220510","T","0","IDENTIFICATION CARD/UNLAWFUL USE OF DEPT ISSUED"
"52","DL/UNLAW USE/TWO NMS","322","32232006","M","2","DRIVERS LICENSE/UNLAWFUL USE OF TWO W/ DIFF NAMES"
"53","DL/UNLAW USE/TWO NMS","322","32232006","T","0","DRIVERS LICENSE/UNLAWFUL USE OF TWO NAMES"
"54","DWLS/FIN RESP/REFUSE","324","32420101","M","2","DWLS/FINANCIAL RESP/REFUSE TO SURRENDER LICENSE"
"55","DWLS/FIN RESP/REFUSE","324","32420101","T","0","DWLS/FINANCIAL RESP/REFUSE TO SURRENDER LICENSE"
"56","REFUSAL SUB BREATH","327","327352151","N","0","REFUSAL TO SUBMIT TO BREATH/BLOOD/UR TEST"
"57","BUI/REFUSE TESTING","327","3273590","M","1","BUI/TESTING/2ND OR SUBSEQUENT REFUSAL"
"58","BOAT/ALTER ID NUMBER","328","32807003A","M","2","BOAT/ALTER/DEFACE HULL ID/SERIAL NUMBER"
"59","FLORIDA LITTER LAW","403","40341306C","M","1","FLORIDA LITTER LAW/ATTEMPT"
"60","FLORIDA LITTER LAW","403","40341306C","F","3","FLORIDA LITTER LAW"
"61","DUMPING/LITTER LAW","403","40341304","N","0","DUMPING LITTER PROHIBITED/LITTER LAW"
"62","HANDICAP RIGHTS VIOL","413","4130800","M","2","HANDICAPPED RIGHTS VIOLATION"
"63","DRUGS/NEW/W/O PRESCR","499","49903001","M","2","PRESCR OR NEW DRUG/POSSESSION W/O PRESCRIPTION"
"64","DRGS/ADULT/MISB","499","49906911","M","1","DRUGS/ADULTERATION/MISBRANDING/2ND> CONVICTION"
"65","DRGS/ADULT/MISB","499","49906911","M","2","DRUGS/ADULTERATION/MISBRANDING VIOLATIONS"
"66","PRESCR DRUG/POSSESS","499","499005012","M","2","PRESCR DRUGS/POSSESSION"
"67","PRESCR DRUG/POSSESS","499","499005012","F","3","PRESCR DRUG/FAIL TO AUTHENTICATE PEDIGREE PAPERS"
"68","INVALID CHARGE","555","5555550","N","0","INVALID CHARGE"
"69","DOM VIOL/INJUNC VIOL","741","7413100","M","1","DOMESTIC VIOLENCE/VIOLATION OF INJUNCTION"
"70","DOM VIO/INJ VIOLATIO","741","74131004A","M","1","DOMESTIC VIOLENCE/VIOLATION OF INJUNCTION"
"71","SEX PRED/REG/PRO LOC","775","775210010A","F","3","SEXUAL PREDATOR/FAIL TO REGISTER/PROVIDE LOCATION"
"72","ACC AFT FCT/CAP OFF","777","77703001C2A","F","1","ACCESSORY AFTER THE FACT/CAPITAL OFFENSE"
"73","MUR 2/WEAP/AG BAT/AT","782","78204002","F","L","MURDER/2ND DEG/ATTEMPT/DEADLY WEAPON/PREJUDICE"
"74","MUR 2/WEAP/AG BAT/AT","782","78204002","F","1","MURDER 2ND DEGREE/DEADLY WEAPON/AGG BATT/ATTEMPT"
"75","MUR 2/WEAP/AG BAT/AT","782","78204002","F","1","MURDER 2D DEGREE/ATTEMPT/DEADLY WEAPON/FIREARM"
"76","MUR 2/WEAP/AG BAT/AT","782","78204002","F","1","MURDER 2ND DEG/LAW ENFORCE OFFICER/ATT/DEADLY WEAP"
"77","MUR 2/WEAP/AG BAT/AT","782","78204002","F","2","MURDER 2ND DEGREE/ATTEMPT"
"78","MUR 2/WEAP/AG BAT/AT","782","78204002","F","2","MURDER/2 DEGREE/CONSPIRACY"
"79","MUR 2/WEAP/AG BAT/AT","782","78204002","F","L","MURDER 2ND DEGREE/WITH A WEAPON"
"80","MUR 2/WEAP/AG BAT/AT","782","78204002","F","1","MURDER 2ND DEGREE - PBL"
"81","MUR 2/WEAP/AG BAT/AT","782","78204002","F","1","MURDER 2ND DEGREE/LAW ENFORCEMENT OFFIC/ATT/DW"
"82","MUR 2/WEAP/AG BAT/AT","782","78204002","F","1","MURDER/2 DEGREE/CONSPIRACY/WEAPON"
"83","MUR 2/WEAP/AG BAT/AT","782","78204002","F","2","MURDER 2ND DEGREE/LAW ENFORCEMENT OFFICER/ATTEMPT"
"84","MUR 2/WEAP/AG BAT/AT","782","78204002","F","L","MURDER 2ND DEGREE/DEADLY WEAPON/LAW ENFORCE OFFCR"
"85","MUR 2/WEAP/AG BAT/AT","782","78204002","F","1","MURDER 2ND DEGREE/LAW ENFORCEMENT OFFICER - PBL"
"86","VEH HOM/RECKLESS","782","78207101A","F","2","VEHICULAR HOMICIDE/RECKLESS MANNER"
"87","BATTERY/AGGRAVATED","784","7840450","F","2","BATTERY/AGGRAVATED/DEADLY WEAPON/ATTEMPT"
"88","BATTERY/AGGRAVATED","784","7840450","F","3","BATTERY/AGGRAVATED/ATTEMPT"
"89","BATTERY/AGGRAVATED","784","7840450","F","3","BATTERY/AGGRAVATED/CONSPIRE"
"90","BATTERY/AGGRAVATED","784","7840450","F","1","BATTERY/AGGRAVATED/WITH PREJUDICE/WEAP/BODILY HARM"
"91","BATTERY/AGGRAVATED","784","7840450","F","2","BATTERY/AGGRAVATED"
"92","BATTERY/AGGRAVATED","784","7840450","F","3","AGGRAVATED BATTERY/SOLICITATION"
"93","BATTERY/AGGRAVATED","784","7840450","F","2","BATTERY/AGGRAVATED/PRIOR CONVICTION"
"94","BATTERY/AGGRAVATED","784","7840450","F","1","BATTERY/AGGRAVATED/LAW ENFORCEMENT OFFICER"
"95","BATTERY","784","7840300","M","2","BATTERY/ATTEMPT"
"96","BATTERY","784","7840300","F","3","BATTERY/W PREJUDICE/RELIGIOS INSTITUTION"
"97","BATTERY","784","7840300","M","1","BATTERY"
"98","BATTERY","784","7840300","M","2","BATTERY/SOLICITATION"
"99","BATTERY","784","7840300","F","3","BATTERY/GANG ACTIVITY"
"100","BATTERY/LEO/COR/FIRE","784","78407002B","F","3","BATTERY/POLICE OFFICER/CORRECTIONS/FIREFIGHTER"
"101","BATTERY/AGG/DWEAP","784","78404501A2","F","2","BATTERY/AGGRAVATED/DEADLY WEAPON/PREJUDICE/ATTMPT"
"102","BATTERY/AGG/DWEAP","784","78404501A2","F","1","BATTERY/AGGRAVATED DLY/WEA/FA/MASK"
"103","BATTERY/AGG/DWEAP","784","78404501A2","F","2","BATTERY/AGGRAVATED/WITH A DEADLY WEAPON"
"104","BATTERY/AGG/DWEAP","784","78404501A2","F","1","BATTERY/AGGRAVATED/WITH DEADLY WEAPON/GANG"
"105","BATTERY/AGG/POL/FIRE","784","78407002D","F","2","AGG/BATTERY ON LAW ENFORCEMENT OFFICER/ATTEMPT"
"106","BATTERY/AGG/POL/FIRE","784","78407002D","F","1","BATT/AGG/POL OFF/FFIGHTER/INT OFC/DWEAP/BOD HARM"
"107","BATTERY/AGG/PREGNANT","784","78404501B","F","1","AGG BATTERY/PREGNANT VICTIM/DEADLY WEAPON"
"108","BATTERY/AGG/PREGNANT","784","78404501B","F","2","BATTERY/AGGRAVATED/OF A PREGNANT VICTIM"
"109","ASSAULT/AGG/DWEAP","784","78402101A","F","3","AGGRAVATED ASSAULT/DEADLY WEAPON/ATTEMPT"
"110","ASSAULT/AGG/DWEAP","784","78402101A","F","2","ASSAULT/AGGRAVATED/WITH DEADLY WEAPON/MASK"
"111","ASSAULT/AGG/DWEAP","784","78402101A","F","2","ASSAULT/AGGRAVATED/DEADLY WEAPON/PREJUDICE"
"112","ASSAULT/AGG/DWEAP","784","78402101A","F","3","ASSAULT/AGGRAVATED/WITH A DEADLY WEAPON"
"113","ASSAULT/AGG/DWEAP","784","78402101A","F","3","ASSAULT/AGGRAVATED/WITH A FIREARM"
"114","ASSAULT/AGG/DWEAP","784","78402101A","F","2","ASSAULT/AGGRAVATED/FA/DEADLY WEAPON/PREJUDICE"
"115","ASSAULT/AGG/LEO","784","7840210L","M","1","ASSAULT/AGGRAVATED/SOLICITATION"
"116","ASSAULT/AGG/LEO","784","7840210L","F","2","ASSAULT/AGGRAVATED/RELIGIOUS INSTITUTION"
"117","ASSAULT/AGG/LEO","784","7840210L","F","2","ASSAULT/AGGRAVATED/JUDGE/ASA"
"118","ASSAULT/AGG/LEO","784","7840210L","F","2","ASSAULT/AGGRAVATED/LAW ENFORCEMENT OFFICER"
"119","ASSAULT/AGG/LEO","784","7840210L","F","2","ASSAULT/AGGRAVATED/LAW ENFORCEMENT OFFICER/FIREARM"
"120","STALKING","784","78404802","M","1","STALKING"
"121","STALKING","784","78404802","F","3","STALKING/ PREJUDICE"
"122","ASSAULT/AGG/FIREARM","784","78402101A1","F","3","AGGRAVATED ASSAULT/DEADLY WEAPON/ATTEMPT"
"123","ASSAULT/AGG/FIREARM","784","78402101A1","F","2","ASSAULT/AGGRAVATED/WITH DEADLY WEAPON/MASK"
"124","ASSAULT/AGG/FIREARM","784","78402101A1","F","2","ASSAULT/AGGRAVATED/DEADLY WEAPON/PREJUDICE"
"125","ASSAULT/AGG/FIREARM","784","78402101A1","F","3","ASSAULT/AGGRAVATED/WITH A DEADLY WEAPON"
"126","ASSAULT/AGG/FIREARM","784","78402101A1","F","3","ASSAULT/AGGRAVATED/WITH A FIREARM"
"127","ASSAULT/AGG/FIREARM","784","78402101A1","F","2","ASSAULT/AGGRAVATED/FA/DEADLY WEAPON/PREJUDICE"
"128","BATTERY/FELONY","784","7840410","F","3","BATTERY/FELONY"
"129","ASSAULT/POL/FIRE/INT","784","78407002A","M","1","ASSAULT/POLICE OFFICER/FIREFIGHTER/INTAKE OFFICER"
"130","BATT/AGG/BODHRM/WEAP","784","78404501A1A","F","L","BATTERY/AGGRAV/GREAT BODILY HARM/FIREARM/PREJUDICE"
"131","BATT/AGG/BODHRM/WEAP","784","78404501A1A","F","1","BATTERY/AGGRAVATED/BODILY HARM/DEADLY WEAPON"
"132","BATT/AGG/BODHRM/WEAP","784","78404501A1A","F","1","BATTERY/AGGRAVATED/GREAT BODILY HARM/MASK"
"133","BATT/AGG/BODHRM/WEAP","784","78404501A1A","F","2","BATTERY/AGGRAVATED/GREAT BODILY HARM"
"134","BATT/AGG/BODHRM/WEAP","784","78404501A1A","F","L","BATTERY/AGGRAVATED/BODILY HARM/DEADLY WEAPON/ELDER"
"135","BATT/AGG/BODHRM/WEAP","784","78404501A1A","F","1","BATTERY/AGGRAVATED/GREAT BODILY HARM/WEAPON"
"136","BATTERY/AGGRAVATED","784","78404501A","F","2","BATTERY/AGGRAVATED"
"137","ASSAULT/AGG/DW/MASK","784","78402101A","F","3","AGGRAVATED ASSAULT/DEADLY WEAPON/ATTEMPT"
"138","ASSAULT/AGG/DW/MASK","784","78402101A","F","2","ASSAULT/AGGRAVATED/WITH DEADLY WEAPON/MASK"
"139","ASSAULT/AGG/DW/MASK","784","78402101A","F","2","ASSAULT/AGGRAVATED/DEADLY WEAPON/PREJUDICE"
"140","ASSAULT/AGG/DW/MASK","784","78402101A","F","3","ASSAULT/AGGRAVATED/WITH A DEADLY WEAPON"
"141","ASSAULT/AGG/DW/MASK","784","78402101A","F","3","ASSAULT/AGGRAVATED/WITH A FIREARM"
"142","ASSAULT/AGG/DW/MASK","784","78402101A","F","2","ASSAULT/AGGRAVATED/FA/DEADLY WEAPON/PREJUDICE"
"143","BATT/AGG/DDY WPN/ATT","784","7840450","F","2","BATTERY/AGGRAVATED/DEADLY WEAPON/ATTEMPT"
"144","BATT/AGG/DDY WPN/ATT","784","7840450","F","3","BATTERY/AGGRAVATED/ATTEMPT"
"145","BATT/AGG/DDY WPN/ATT","784","7840450","F","3","BATTERY/AGGRAVATED/CONSPIRE"
"146","BATT/AGG/DDY WPN/ATT","784","7840450","F","1","BATTERY/AGGRAVATED/WITH PREJUDICE/WEAP/BODILY HARM"
"147","BATT/AGG/DDY WPN/ATT","784","7840450","F","2","BATTERY/AGGRAVATED"
"148","BATT/AGG/DDY WPN/ATT","784","7840450","F","3","AGGRAVATED BATTERY/SOLICITATION"
"149","BATT/AGG/DDY WPN/ATT","784","7840450","F","2","BATTERY/AGGRAVATED/PRIOR CONVICTION"
"150","BATT/AGG/DDY WPN/ATT","784","7840450","F","1","BATTERY/AGGRAVATED/LAW ENFORCEMENT OFFICER"
"151","BATTERY/ELDERLY","784","78408002C","F","3","BATTERY ON PERSON 65 OR OLDER/ATTEMPT"
"152","BATTERY/ELDERLY","784","78408002C","F","2","BATTERY/ON PERSON 65 OR OLDER/WITH PREJUDICE"
"153","BATTERY/ELDERLY","784","78408002C","F","3","BATTERY/ON PERSON 65 OR OLDER"
"154","BATTERY/ELDERLY","784","78408002C","F","3","BATTERY/ON PERSON 65+/PRI CON"
"155","BATTERY/AGG/LEO","784","7840450L","F","2","BATTERY/AGGRAVATED/DEADLY WEAPON/ATTEMPT"
"156","BATTERY/AGG/LEO","784","7840450L","F","3","BATTERY/AGGRAVATED/ATTEMPT"
"157","BATTERY/AGG/LEO","784","7840450L","F","3","BATTERY/AGGRAVATED/CONSPIRE"
"158","BATTERY/AGG/LEO","784","7840450L","F","1","BATTERY/AGGRAVATED/WITH PREJUDICE/WEAP/BODILY HARM"
"159","BATTERY/AGG/LEO","784","7840450L","F","2","BATTERY/AGGRAVATED"
"160","BATTERY/AGG/LEO","784","7840450L","F","3","AGGRAVATED BATTERY/SOLICITATION"
"161","BATTERY/AGG/LEO","784","7840450L","F","2","BATTERY/AGGRAVATED/PRIOR CONVICTION"
"162","BATTERY/AGG/LEO","784","7840450L","F","1","BATTERY/AGGRAVATED/LAW ENFORCEMENT OFFICER"
"163","BATTERY/ATTEMPT","784","7840300","M","2","BATTERY/ATTEMPT"
"164","BATTERY/ATTEMPT","784","7840300","F","3","BATTERY/W PREJUDICE/RELIGIOS INSTITUTION"
"165","BATTERY/ATTEMPT","784","7840300","M","1","BATTERY"
"166","BATTERY/ATTEMPT","784","7840300","M","2","BATTERY/SOLICITATION"
"167","BATTERY/ATTEMPT","784","7840300","F","3","BATTERY/GANG ACTIVITY"
"168","BATT/DOM/STRANGLE","784","78404102A","F","3","BATTERY/DOMESTIC/BY STRANGULATION"
"169","ASSAULT/AGGRAVATED","784","7840210","M","1","ASSAULT/AGGRAVATED/SOLICITATION"
"170","ASSAULT/AGGRAVATED","784","7840210","F","2","ASSAULT/AGGRAVATED/RELIGIOUS INSTITUTION"
"171","ASSAULT/AGGRAVATED","784","7840210","F","2","ASSAULT/AGGRAVATED/JUDGE/ASA"
"172","ASSAULT/AGGRAVATED","784","7840210","F","2","ASSAULT/AGGRAVATED/LAW ENFORCEMENT OFFICER"
"173","ASSAULT/AGGRAVATED","784","7840210","F","2","ASSAULT/AGGRAVATED/LAW ENFORCEMENT OFFICER/FIREARM"
"174","HUMAN TRA<18PBL10/14","787","78706003G","F","L","HUMAN TRAFFICKING <18 COMMERICAL SEXUAL"
"175","HUMAN TRA<18PBL10/14","787","78706003G","F","1","HUMAN TRAFFICKING <18 PBL/10/1/14"
"176","CONCEALED WEAP/CARRY","790","79001001","M","1","CONCEALED WEAPON/CARRYING"
"177","FA/WEAP/POSN/FEL/DEL","790","79023001","F","3","FA/WEAPON/AMMUN/POSN/CONVTD FEL/DELINQUENT/ATTEMPT"
"178","FA/WEAP/POSN/FEL/DEL","790","79023001","F","1","CONCEALED WEAPON/POSN BY A FELON/WEARING MASK"
"179","FA/WEAP/POSN/FEL/DEL","790","79023001","F","2","FIREARM/WEAPON/AMMUN/POSN/CONVTD FELON/DELINQUENT"
"180","FA/WEAP/POSN/FEL/DEL","790","79023001","F","3","FA/WEAPON/AMMUN/POSN/CONVTD FEL/DELINQUENT/CONSPIR"
"181","CONCEALED F/A /CARRY","790","79001002","F","3","CONCEALED FIREARM/CARRY/ATTEMPT"
"182","CONCEALED F/A /CARRY","790","79001002","F","2","CONCEALED FIREARM/POSSESSION POLICE SCANNER"
"183","CONCEALED F/A /CARRY","790","79001002","F","3","CONCEALED FIREARM/CARRYING"
"184","WEAPON/OPEN CARRY","790","79005301","M","2","WEAPON/OPENLY CARRYING"
"185","POSN FA/AMM0/DV INJN","790","79023301","M","1","POSSESSION FIREARM/AMMUN/DOMESTIC VIOL INJUNCTION"
"186","WEAP/FA IMPROP EXHIB","790","7901000","M","1","WEAPON, FIREARM/IMPROPER EXHIBITION"
"187","CCF/POLICE SCANNER","790","79001002","F","3","CONCEALED FIREARM/CARRY/ATTEMPT"
"188","CCF/POLICE SCANNER","790","79001002","F","2","CONCEALED FIREARM/POSSESSION POLICE SCANNER"
"189","CCF/POLICE SCANNER","790","79001002","F","3","CONCEALED FIREARM/CARRYING"
"190","WEAPON/OPENLY CARRY","790","7900530","M","2","WEAPON/OPENLY CARRY"
"191","FIREARM/USE COMT FEL","790","79007002","F","2","FIREARM/USE, DISPLAY WHILE COMMITTING A FELONY"
"192","F/A POSN/CAREER CRIM","790","7902350","F","1","FIREARM/CONCEALED WEAPON/POSN BY VIOL CAREER CRIM"
"193","FA/WEAP/POS/FEL/ATT","790","79023001","F","3","FA/WEAPON/AMMUN/POSN/CONVTD FEL/DELINQUENT/ATTEMPT"
"194","FA/WEAP/POS/FEL/ATT","790","79023001","F","1","CONCEALED WEAPON/POSN BY A FELON/WEARING MASK"
"195","FA/WEAP/POS/FEL/ATT","790","79023001","F","2","FIREARM/WEAPON/AMMUN/POSN/CONVTD FELON/DELINQUENT"
"196","FA/WEAP/POS/FEL/ATT","790","79023001","F","3","FA/WEAPON/AMMUN/POSN/CONVTD FEL/DELINQUENT/CONSPIR"
"197","CONCLD FA/CARRY/ATT","790","79001002","F","3","CONCEALED FIREARM/CARRY/ATTEMPT"
"198","CONCLD FA/CARRY/ATT","790","79001002","F","2","CONCEALED FIREARM/POSSESSION POLICE SCANNER"
"199","CONCLD FA/CARRY/ATT","790","79001002","F","3","CONCEALED FIREARM/CARRYING"
"200","FIREARM/DISCH/VEH","790","79015002","F","2","FIREARM/DISCHARGE FROM A VEHICLE"
"201","CON WEA/FELON/MASK","790","79023001","F","3","FA/WEAPON/AMMUN/POSN/CONVTD FEL/DELINQUENT/ATTEMPT"
"202","CON WEA/FELON/MASK","790","79023001","F","1","CONCEALED WEAPON/POSN BY A FELON/WEARING MASK"
"203","CON WEA/FELON/MASK","790","79023001","F","2","FIREARM/WEAPON/AMMUN/POSN/CONVTD FELON/DELINQUENT"
"204","CON WEA/FELON/MASK","790","79023001","F","3","FA/WEAPON/AMMUN/POSN/CONVTD FEL/DELINQUENT/CONSPIR"
"205","FA/WEAP/POS/FEL/CON","790","79023001","F","3","FA/WEAPON/AMMUN/POSN/CONVTD FEL/DELINQUENT/ATTEMPT"
"206","FA/WEAP/POS/FEL/CON","790","79023001","F","1","CONCEALED WEAPON/POSN BY A FELON/WEARING MASK"
"207","FA/WEAP/POS/FEL/CON","790","79023001","F","2","FIREARM/WEAPON/AMMUN/POSN/CONVTD FELON/DELINQUENT"
"208","FA/WEAP/POS/FEL/CON","790","79023001","F","3","FA/WEAPON/AMMUN/POSN/CONVTD FEL/DELINQUENT/CONSPIR"
"209","WEAPON/USE COMT FEL","790","79007001","F","3","WEAPON/USE, DISPLAY WHILE COMMITTING A FELONY"
"210","FIREARM/ALTER ID","790","79027001A","F","3","FIREARM/ALTER REMOVE SERIAL NUMBER"
"211","WEAP/POSN/COMT OFFN","790","7900700","F","3","WEAPON/POSSESSION WHILE COMMITTING AN OFFENSE"
"212","DEADLY MSL/THR/CONSP","790","7901900","F","3","DEADLY MISSILE/SHOOT, THROW/ATTEMPT"
"213","DEADLY MSL/THR/CONSP","790","7901900","F","3","DEADLY MISSLE/SHOOT, THROW/CONSPIRACY"
"214","DEADLY MSL/THR/CONSP","790","7901900","F","2","DEADLY MISSILE/SHOOT, THROW"
"215","SEX BAT/SC/V>18/D>18","794","79401104B","F","1","SEXUAL BATTERY/COERCE/THREATEN"
"216","SEX BAT/SC/V>18/D>18","794","79401104B","F","1","SEXUAL BATTERY/SC/V>18/D>18"
"217","SEX BAT/SC/V>18/D>18","794","79401104B","F","2","SEXUAL BATTERY/SC/V>18/D>18/A"
"218","PROST/SOL ANOTHER TO","796","79607002F","M","1","PROSTITUTION/SOLICIT ANOTHER TO COMMIT"
"219","PROST/SOL ANOTHER TO","796","79607002F","M","2","PROSTITUTION/SOLICIT ANOTHER TO COMMIT/10/1/15"
"220","PROST/SOL AN/10/1/15","796","79607002F","M","1","PROSTITUTION/SOLICIT ANOTHER TO COMMIT"
"221","PROST/SOL AN/10/1/15","796","79607002F","M","2","PROSTITUTION/SOLICIT ANOTHER TO COMMIT/10/1/15"
"222","PROST/COMMIT/ENGAGE","796","79607002E","M","1","PROSTITUTION/SECOND VIOLATION"
"223","PROST/COMMIT/ENGAGE","796","79607002E","M","1","PROSTITUTION/COMMIT, ENGAGE IN/SECOND CONVICTION"
"224","PROST/COMMIT/ENGAGE","796","79607002E","M","2","PROSTITUTION/COMMIT, ENGAGE IN"
"225","PROST/COMMIT/ENGAGE","796","79607002E","F","3","PROSTITUTION/3RD OR SUBSEQUENT VIOLATION"
"226","PROST/2ND VIOLATION","796","79607002E","M","1","PROSTITUTION/SECOND VIOLATION"
"227","PROST/2ND VIOLATION","796","79607002E","M","1","PROSTITUTION/COMMIT, ENGAGE IN/SECOND CONVICTION"
"228","PROST/2ND VIOLATION","796","79607002E","M","2","PROSTITUTION/COMMIT, ENGAGE IN"
"229","PROST/2ND VIOLATION","796","79607002E","F","3","PROSTITUTION/3RD OR SUBSEQUENT VIOLATION"
"230","PROST/DERIVE SUPPORT","796","79605002A","F","2","PROSTITUTION/DERIVE SUPPORT FROM PROCEEDS OF"
"231","PROST/DERIVE SUPPORT","796","79605002A","F","3","PROSTITUTION/DERIVE SUPPORT FROM PROCEEDS/ATT"
"232","L&L BEHAVIOR","798","7980200","M","2","LEWD AND LASCIVIOUS BEHAVIOR"
"233","INDECENT EXPOSURE","800","8000300","M","1","INDECENT EXPOSURE"
"234","CRIM MIS/200-1000","806","80613001B2","M","2","CRIMINAL MISCHIEF/>200<1000/ATTEMPT"
"235","CRIM MIS/200-1000","806","80613001B2","F","3","CRIMINAL MISCHIEF/>200<1000/PREJUDICE"
"236","CRIM MIS/200-1000","806","80613001B2","M","1","CRIMINAL MISCHIEF/ OVER $2OO, UNDER $1,000"
"237","CRIM MIS/0-200","806","80613001B1","M","2","CRIMINAL MISCHIEF/200 OR LESS/ATTEMPT"
"238","CRIM MIS/0-200","806","80613001B1","M","2","CRIMINAL MISCHIEF/  $200 OR LESS"
"239","FIRE/OBSTRUCT EXTIN","806","80610001","F","3","FIRE/PREVENT, OBSTRUCT EXTINGUISHING"
"240","FIRE/OBSTRUCT EXTIN","806","80610001","F","3","FIRE ALARM/FALSE/SUBSEQUENT OFFENSE"
"241","FIRE/OBSTRUCT EXTIN","806","80610001","M","1","FIRE ALARM/FALSE"
"242","ARSON 2ND DEGREE","806","80601002","F","3","ARSON/2ND DEGREE/ATTEMPT"
"243","ARSON 2ND DEGREE","806","80601002","F","3","ARSON/SECOND DEGREE/CONSPIRACY"
"244","ARSON 2ND DEGREE","806","80601002","F","2","ARSON 2ND DEGREE"
"245","ARSON 2ND DEGREE","806","80601002","F","3","ARSON/SECOND DEGREE/SOLICITATION"
"246","CRIM MIS/200</ATT","806","80613001B1","M","2","CRIMINAL MISCHIEF/200 OR LESS/ATTEMPT"
"247","CRIM MIS/200</ATT","806","80613001B1","M","2","CRIMINAL MISCHIEF/  $200 OR LESS"
"248","CRIM MIS/1000+","806","80613001B3","M","1","CRIMINAL MISCHIEF/1000>/ATTEMPT"
"249","CRIM MIS/1000+","806","80613001B3","M","1","CRIMINAL MISCHIEF OVER $1,000/CONSPIRACY"
"250","CRIM MIS/1000+","806","80613001B3","F","2","CRIMINAL MISCHIEF/1000 OR MORE/ARMED"
"251","CRIM MIS/1000+","806","80613001B3","F","2","CRIMINAL MISCHIEF OVER $1,000/PREJUDICE"
"252","CRIM MIS/1000+","806","80613001B3","F","3","CRIMINAL MISCHIEF/$1,000 OR MORE"
"253","CRIM MIS/1000>/ARMED","806","80613001B3","M","1","CRIMINAL MISCHIEF/1000>/ATTEMPT"
"254","CRIM MIS/1000>/ARMED","806","80613001B3","M","1","CRIMINAL MISCHIEF OVER $1,000/CONSPIRACY"
"255","CRIM MIS/1000>/ARMED","806","80613001B3","F","2","CRIMINAL MISCHIEF/1000 OR MORE/ARMED"
"256","CRIM MIS/1000>/ARMED","806","80613001B3","F","2","CRIMINAL MISCHIEF OVER $1,000/PREJUDICE"
"257","CRIM MIS/1000>/ARMED","806","80613001B3","F","3","CRIMINAL MISCHIEF/$1,000 OR MORE"
"258","BURG/OCC/DWELL/ATT","810","81002003A","F","3","BURGLARY/OCCUPIED DWELLING/ ATTEMPT"
"259","BURG/OCC/DWELL/ATT","810","81002003A","F","1","BURGLARY/OCCUPIED DWELLING/MASKED"
"260","BURG/OCC/DWELL/ATT","810","81002003A","F","2","BURGLARY/OCCUPIED DWELLING"
"261","BURG/OCC/DWELL/ATT","810","81002003A","F","3","BURGLARY/OCCUPIED DWELLING/SOLICITATION"
"262","BURG/OCC/DWELL/ATT","810","81002003A","F","1","BURGLARY/OCCUPIED DWELLING/DOE"
"263","BURG/OCC/DWELL/ATT","810","81002003A","F","2","BURGLARY/OCCUPIED DWELLING/ ATTEMPT/DOE"
"264","BURG/OCC/DWELL/ATT","810","81002003A","F","L","BURGLARY/OCCUPIED DWELLING/ARMED/MASK"
"265","BURGLARY/OCC/DWELL","810","81002003A","F","3","BURGLARY/OCCUPIED DWELLING/ ATTEMPT"
"266","BURGLARY/OCC/DWELL","810","81002003A","F","1","BURGLARY/OCCUPIED DWELLING/MASKED"
"267","BURGLARY/OCC/DWELL","810","81002003A","F","2","BURGLARY/OCCUPIED DWELLING"
"268","BURGLARY/OCC/DWELL","810","81002003A","F","3","BURGLARY/OCCUPIED DWELLING/SOLICITATION"
"269","BURGLARY/OCC/DWELL","810","81002003A","F","1","BURGLARY/OCCUPIED DWELLING/DOE"
"270","BURGLARY/OCC/DWELL","810","81002003A","F","2","BURGLARY/OCCUPIED DWELLING/ ATTEMPT/DOE"
"271","BURGLARY/OCC/DWELL","810","81002003A","F","L","BURGLARY/OCCUPIED DWELLING/ARMED/MASK"
"272","TRESPASS/STRUC/UNOCC","810","81008002A","M","2","TRESPASS/UNOCCUPIED STRUCTURE/CONVEYANCE/ATTEMPT"
"273","TRESPASS/STRUC/UNOCC","810","81008002A","M","2","TRESPASS/UNOCCUPIED STRUCTURE OR CONVEYANCE"
"274","TRES PROP/AFTER WARN","810","81009001A1","M","1","TRESPASS PROPERTY/AFTER WARNING"
"275","BURGLARY/UNOCC/PREJU","810","81002001","F","2","BURGLARY/UNOCCUPIED STRUCTURE/CONVEYANCE/PREJUDICE"
"276","BURGLARY/UNOCC CONVY","810","81002004B","F","3","BURGLARY/UNOCCUPIED CONVEYANCE/ATTEMPT"
"277","BURGLARY/UNOCC CONVY","810","81002004B","F","3","BURGLARY/UNOCCUPIED CONVEYANCE/CONSPIRACY"
"278","BURGLARY/UNOCC CONVY","810","81002004B","F","3","BURGLARY/UNOCCUPIED CONVEYANCE"
"279","BURGLARY/UNOCC CONVY","810","81002004B","F","1","BURGLARY OF AN UNOCCUPIED CONVEYANCE/ARMED/MASK"
"280","BURGLARY/UNOCC CONVY","810","81002004B","F","2","BURGLARY OF AN UNOCCUPIED CONVEYANCE/ARMED"
"281","BURGLARY/OCC/STRUCT","810","81002003C","F","3","BURGLARY/OCCUPIED STRUCTURE/ATTEMPT"
"282","BURGLARY/OCC/STRUCT","810","81002003C","F","3","BURGLARY/OCCUPIED STRUCTURE/CONSPIRACY"
"283","BURGLARY/OCC/STRUCT","810","81002003C","F","2","BURGLARY/OCCUPIED STRUCTURE"
"284","BURGLARY/OCC/STRUCT","810","81002003C","F","3","BURGLARY OCCUPIED STRUCTURE/SOLICITATION"
"285","TRESP/STRUC/OCC/WARN","810","81008002B","M","1","TRESPASS/OCCUPIED STRUCTURE/CONVEYANCE/ATTEMPT"
"286","TRESP/STRUC/OCC/WARN","810","81008002B","M","1","TRESPASS/OCCUPIED STRUCTURE OR CONVEYANCE/WARN"
"287","BURGLARY TOOLS/POSN","810","8100600","F","3","BURGLARY TOOLS/POSSESSION"
"288","BURGLARY/ASSLT/ARMED","810","81002002A","F","1","BURGLARY/WITH ASSAULT/BATTERY/ARMED/ATTEMPT"
"289","BURGLARY/ASSLT/ARMED","810","81002002A","F","2","BURGLARY/WITH ASSAULT OR BATTERY/ATTEMPT"
"290","BURGLARY/ASSLT/ARMED","810","81002002A","F","1","BURG/WITH ASSAULT OR BATTERY/ARMED/CONSPIRACY"
"291","BURGLARY/ASSLT/ARMED","810","81002002A","F","L","BURGLARY/WITH ASSAULT OR BATTERY/ARMED"
"292","BURGLARY/ASSLT/ARMED","810","81002002A","F","1","BURGLARY/WITH ASSAULT OR BATTERY - PBL"
"293","BURGLARY/ASSLT/ARMED","810","81002002A","F","L","BURGLARY WITH ASSAULT OR BATTERY/PREJUDICE"
"294","BURG/ASLT/BATT - PBL","810","81002002A","F","1","BURGLARY/WITH ASSAULT/BATTERY/ARMED/ATTEMPT"
"295","BURG/ASLT/BATT - PBL","810","81002002A","F","2","BURGLARY/WITH ASSAULT OR BATTERY/ATTEMPT"
"296","BURG/ASLT/BATT - PBL","810","81002002A","F","1","BURG/WITH ASSAULT OR BATTERY/ARMED/CONSPIRACY"
"297","BURG/ASLT/BATT - PBL","810","81002002A","F","L","BURGLARY/WITH ASSAULT OR BATTERY/ARMED"
"298","BURG/ASLT/BATT - PBL","810","81002002A","F","1","BURGLARY/WITH ASSAULT OR BATTERY - PBL"
"299","BURG/ASLT/BATT - PBL","810","81002002A","F","L","BURGLARY WITH ASSAULT OR BATTERY/PREJUDICE"
"300","BURGLARY/UNOCC/DWELL","810","81002003B","F","1","BURGLARY/UNOCCUPIED DWELLING/DOE"
"301","BURGLARY/UNOCC/DWELL","810","81002003B","F","3","BURGLARY/UNOCCUPIED DWELLING/ATTEMPT"
"302","BURGLARY/UNOCC/DWELL","810","81002003B","F","3","BURGLARY/UNOCCUPIED DWELLING/CONSPIRACY"
"303","BURGLARY/UNOCC/DWELL","810","81002003B","F","1","BURGLARY/UNOCCUPIED DWELLING/WITH PREJUDICE"
"304","BURGLARY/UNOCC/DWELL","810","81002003B","F","2","BURGLARY/UNOCCUPIED DWELLING"
"305","BURGLARY/UNOCC/DWELL","810","81002003B","F","3","BURGLARY/UNOCCUPIED DWELLING/SOLICITATION"
"306","BURGLARY/UNOCC/DWELL","810","81002003B","F","1","BURGLARY/UNOCCUPIED DWELLING WHILE MASKED"
"307","TRESP/UNENC CURTILAG","810","81009001A2","M","1","TRESPASS/NOT STRUCTURE/CONVEYANCE/UNENCL CURTILAGE"
"308","BURG/UNOCC DWELL/ATT","810","81002003B","F","1","BURGLARY/UNOCCUPIED DWELLING/DOE"
"309","BURG/UNOCC DWELL/ATT","810","81002003B","F","3","BURGLARY/UNOCCUPIED DWELLING/ATTEMPT"
"310","BURG/UNOCC DWELL/ATT","810","81002003B","F","3","BURGLARY/UNOCCUPIED DWELLING/CONSPIRACY"
"311","BURG/UNOCC DWELL/ATT","810","81002003B","F","1","BURGLARY/UNOCCUPIED DWELLING/WITH PREJUDICE"
"312","BURG/UNOCC DWELL/ATT","810","81002003B","F","2","BURGLARY/UNOCCUPIED DWELLING"
"313","BURG/UNOCC DWELL/ATT","810","81002003B","F","3","BURGLARY/UNOCCUPIED DWELLING/SOLICITATION"
"314","BURG/UNOCC DWELL/ATT","810","81002003B","F","1","BURGLARY/UNOCCUPIED DWELLING WHILE MASKED"
"315","PETIT THEFT","812","81201403A","M","2","PETIT THEFT/ATTEMPT"
"316","PETIT THEFT","812","81201403A","M","2","PETIT THEFT/CONSPIRE"
"317","PETIT THEFT","812","81201403A","M","2","PETIT THEFT"
"318","PETIT THEFT","812","81201403A","M","2","PETIT THEFT/SOLICIT"
"319","GRD THEFT/3D/VEHICLE","812","81201402C6","F","3","GRAND THEFT 3D/VEHICLE/ATTEMPT"
"320","GRD THEFT/3D/VEHICLE","812","81201402C6","F","3","GRAND THEFT 3RD DEGREE/VEHICLE/CONSPIRACY"
"321","GRD THEFT/3D/VEHICLE","812","81201402C6","F","2","GRAND THEFT/VEHICLE/ARMED"
"322","GRD THEFT/3D/VEHICLE","812","81201402C6","F","3","GRAND THEFT 3RD DEGREE/VEHICLE"
"323","GRD THEFT/3D/VEHICLE","812","81201402C6","F","3","GRAND THEFT 3D/VEHICLE/SOLICIT"
"324","STOLEN PROP/DEAL IN","812","81201901","F","3","STOLEN PROPERTY/DEALING IN/CONSPIRE"
"325","STOLEN PROP/DEAL IN","812","81201901","F","2","STOLEN PROPERTY/DEALING IN"
"326","STOLEN PROP/DEAL IN","812","81201901","F","3","STOLEN PROPERTY/DEALING IN/SOLICITATION"
"327","ROBBERY/STRONGARM","812","81213002C","F","2","ROBBERY/STRONGARM/ATTEMPT/WITH PREJUDICE"
"328","ROBBERY/STRONGARM","812","81213002C","F","3","ROBBERY/STRONGARM/ATTEMPT"
"329","ROBBERY/STRONGARM","812","81213002C","F","3","ROBBERY/STRONGARM/CONSPIRACY"
"330","ROBBERY/STRONGARM","812","81213002C","F","1","ROBBERY/STRONGARM/PREJUDICE"
"331","ROBBERY/STRONGARM","812","81213002C","F","1","STRONGARM ROBBERY WITH A VEHICLE AS A WEAPON"
"332","ROBBERY/STRONGARM","812","81213002C","F","2","ROBBERY/STRONGARM"
"333","ROBBERY/STRONGARM","812","81213002C","F","3","ROBBERY/STRONGARM/SOLICITATION TO COMMIT"
"334","ROBBERY/STRONGARM","812","81213002C","F","2","ROBBERY/STRONGARM/W/AGG BATTERY/ATTEMPT"
"335","ROBBERY/STRONGARM","812","81213002C","F","1","ROBBERY/STRONGARM W/AGG BATTERY"
"336","ROBBERY/STRONGARM","812","81213002C","F","2","ROBBERY/STRONGARM/MASK/ATTEMPT"
"337","ROBBERY/STRONGARM","812","81213002C","F","1","ROBBERY/STRONGARM/MASK"
"338","GT 3RD/VEHICLE/CONS","812","81201402C6","F","3","GRAND THEFT 3D/VEHICLE/ATTEMPT"
"339","GT 3RD/VEHICLE/CONS","812","81201402C6","F","3","GRAND THEFT 3RD DEGREE/VEHICLE/CONSPIRACY"
"340","GT 3RD/VEHICLE/CONS","812","81201402C6","F","2","GRAND THEFT/VEHICLE/ARMED"
"341","GT 3RD/VEHICLE/CONS","812","81201402C6","F","3","GRAND THEFT 3RD DEGREE/VEHICLE"
"342","GT 3RD/VEHICLE/CONS","812","81201402C6","F","3","GRAND THEFT 3D/VEHICLE/SOLICIT"
"343","GRAND THEFT 3RD DEG","812","81201402C","F","3","GRAND THEFT 3RD DEGREE/ARMED/CONSPIRACY"
"344","GRAND THEFT 3RD DEG","812","81201402C","F","3","GRAND THEFT 3RD DEGREE/CONSPIRE"
"345","GRAND THEFT 3RD DEG","812","81201402C","M","1","GRAND THEFT 3RD DEGREE/300><5K/CONSPIRACY"
"346","GRAND THEFT 3RD DEG","812","81201402C","F","2","GRAND THEFT 3RD DEGREE/ARMED"
"347","GRAND THEFT 3RD DEG","812","81201402C","F","3","GRAND THEFT 3RD DEGREE"
"348","GRAND THEFT 3RD DEG","812","81201402C","M","1","GRAND THEFT 3RD DEGREE/300><5K/SOLICIT"
"349","GRAND THEFT 3RD DEG","812","81201402C","F","3","GRAND THEFT 3RD DEGREE/5K><20K/CONSPIRACY"
"350","GRAND THEFT 3RD DEG","812","81201402C","F","3","GRAND THEFT 3RD DEGREE/BY CONTRACTOR"
"351","PETIT THEFT 1D","812","81201402E","M","1","PETIT THEFT 1D/100+/-300"
"352","RBRY/ARM/FA/DW - PBL","812","81213002A","F","1","ROBBERY/FIREARM/PREJUDICE/ATTEMPT"
"353","RBRY/ARM/FA/DW - PBL","812","81213002A","F","2","ROBBERY/DEADLY WEAPON, FIREARM/ATTEMPT"
"354","RBRY/ARM/FA/DW - PBL","812","81213002A","F","1","ROBBERY/ARMED/FIREARM OR DEADLY WEAPON - PBL"
"355","RBRY/ARM/FA/DW - PBL","812","81213002A","F","1","ROBBERY/ARMED/MACHINE GUN-PBL"
"356","RBRY/ARM/FA/DW - PBL","812","81213002A","F","1","ARMED ROBBERY FIREARM/DW/ATTEMPT WITH MASK"
"357","RBRY/ARM/FA/DW - PBL","812","81213002A","F","2","ROBBERY/DEADLY WEAPON, FIREARM/CONSPIRACY"
"358","GRAND THEFT/MV/I/DAM","812","81201402A3","F","1","GRAND THEFT/M/V INST/DAM +1000"
"359","GRAND THEFT 2ND DEG","812","81201402B","F","3","GRAND THEFT 2ND DEG/20K><100K/CONSPIRE"
"360","GRAND THEFT 2ND DEG","812","81201402B","F","1","GRAND THEFT 2ND DEG/20K><100K/ARMED"
"361","GRAND THEFT 2ND DEG","812","81201402B","F","2","GRAND THEFT 2ND DEG/20K><100K"
"362","ROBBERY/ARMED/WEAPON","812","81213002B","F","2","ROBBERY/ARMED/ATTEMPT"
"363","ROBBERY/ARMED/WEAPON","812","81213002B","F","2","ROBBERY/ARMED/CONSPIRACY"
"364","ROBBERY/ARMED/WEAPON","812","81213002B","F","L","ROBBERY/ARMED W/WEAPON/PREJUDICE"
"365","ROBBERY/ARMED/WEAPON","812","81213002B","F","1","ROBBERY/ARMED/WEAPON"
"366","ROBBERY/ARMED/WEAPON","812","81213002B","F","2","ROBBERY/ARMED/PRINCIPAL TO ATTEMPT"
"367","ROBBERY/ARMED/WEAPON","812","81213002B","F","2","ROBBERY/ARMED/SOLICITATION"
"368","ROBBERY/ARMED/WEAPON","812","81213002B","F","1","ROBBERY/ARMED/WITH A MASK"
"369","GRD THEFT/3D/FIREARM","812","81201402C5","F","3","GRAND THEFT 3D/FIREARM/ATTEMPT"
"370","GRD THEFT/3D/FIREARM","812","81201402C5","F","3","GRAND THEFT 3RD/FIREARM/CONSPIRE"
"371","GRD THEFT/3D/FIREARM","812","81201402C5","F","3","GRAND THEFT 3RD FIREARM"
"372","GRD THEFT/3D/FIREARM","812","81201402C5","F","3","GRAND THEFT 3RD/FIREARM/SOLICIT"
"373","HIRE PROP/REDLV/300+","812","81215503","F","3","HIRE/LEASE PROPERTY/FAIL TO REDELIVER/$300+"
"374","HIRE PROP/REDLV/300+","812","81215503","M","2","HIRE, LEASE PROPERTY/FAIL TO REDELIVER < $300"
"375","ROBB/CRJCK/ARM - PBL","812","81213302A","F","1","ROBBERY/CARJACKING/ARMED/ATTEMPT"
"376","ROBB/CRJCK/ARM - PBL","812","81213302A","F","1","ROBBERY/CARJACKING/ARMED - PBL"
"377","GRAND THEFT 1ST DEG","812","81201402A","F","2","GRAND THEFT 1ST DEGREE/100K>/CONSPIRE"
"378","GRAND THEFT 1ST DEG","812","81201402A","F","L","GRAND THEFT 1ST DEG/ARMED"
"379","GRAND THEFT 1ST DEG","812","81201402A","F","1","GRAND THEFT 1ST DEGREE/100K>"
"380","HIRE PROP/TRICK/300+","812","81215501","F","3","HIRE, LEASE PROP/OBTAIN BY TRICK, FALSE REP/ $300+"
"381","HIRE PROP/TRICK/300+","812","81215501","M","2","HIRE, LEASE PROP/OBTAIN BY TRICK, FALSE REP < $300"
"382","PETIT THEFT/SOLICIT","812","81201403A","M","2","PETIT THEFT/ATTEMPT"
"383","PETIT THEFT/SOLICIT","812","81201403A","M","2","PETIT THEFT/CONSPIRE"
"384","PETIT THEFT/SOLICIT","812","81201403A","M","2","PETIT THEFT"
"385","PETIT THEFT/SOLICIT","812","81201403A","M","2","PETIT THEFT/SOLICIT"
"386","RETAIL THEFT/300>","812","81201508","F","3","RETAIL THEFT/300>/CONSPIRACY"
"387","RETAIL THEFT/300>","812","81201508","F","3","RETAIL THEFT/300>"
"388","DEAL STOL PROP/SOLIC","812","81201902","F","1","STOLEN PROPERTY/MANAGE OR DEAL IN"
"389","DEAL STOL PROP/SOLIC","812","81201902","F","2","DEALING IN STOLEN PROPERTY/SOLICITATION"
"390","PETIT THEFT/PREV CN","812","81201403B","M","1","PETIT THEFT PREVIOUS CONVICTION"
"391","PETIT THEFT/ATTEMPT","812","81201403A","M","2","PETIT THEFT/ATTEMPT"
"392","PETIT THEFT/ATTEMPT","812","81201403A","M","2","PETIT THEFT/CONSPIRE"
"393","PETIT THEFT/ATTEMPT","812","81201403A","M","2","PETIT THEFT"
"394","PETIT THEFT/ATTEMPT","812","81201403A","M","2","PETIT THEFT/SOLICIT"
"395","STOLEN PROP/DL/CONSP","812","81201901","F","3","STOLEN PROPERTY/DEALING IN/CONSPIRE"
"396","STOLEN PROP/DL/CONSP","812","81201901","F","2","STOLEN PROPERTY/DEALING IN"
"397","STOLEN PROP/DL/CONSP","812","81201901","F","3","STOLEN PROPERTY/DEALING IN/SOLICITATION"
"398","GRND THFT/VEH/SOLICT","812","81201402C6","F","3","GRAND THEFT 3D/VEHICLE/ATTEMPT"
"399","GRND THFT/VEH/SOLICT","812","81201402C6","F","3","GRAND THEFT 3RD DEGREE/VEHICLE/CONSPIRACY"
"400","GRND THFT/VEH/SOLICT","812","81201402C6","F","2","GRAND THEFT/VEHICLE/ARMED"
"401","GRND THFT/VEH/SOLICT","812","81201402C6","F","3","GRAND THEFT 3RD DEGREE/VEHICLE"
"402","GRND THFT/VEH/SOLICT","812","81201402C6","F","3","GRAND THEFT 3D/VEHICLE/SOLICIT"
"403","ROBBERY/CARJACKING","812","8121330","F","1","ROBBERY/CARJACKING"
"404","GRAND THFT 2ND/CONSP","812","81201402B","F","3","GRAND THEFT 2ND DEG/20K><100K/CONSPIRE"
"405","GRAND THFT 2ND/CONSP","812","81201402B","F","1","GRAND THEFT 2ND DEG/20K><100K/ARMED"
"406","GRAND THFT 2ND/CONSP","812","81201402B","F","2","GRAND THEFT 2ND DEG/20K><100K"
"407","GRAND THFT 3RD/SOLCT","812","81201402C","F","3","GRAND THEFT 3RD DEGREE/ARMED/CONSPIRACY"
"408","GRAND THFT 3RD/SOLCT","812","81201402C","F","3","GRAND THEFT 3RD DEGREE/CONSPIRE"
"409","GRAND THFT 3RD/SOLCT","812","81201402C","M","1","GRAND THEFT 3RD DEGREE/300><5K/CONSPIRACY"
"410","GRAND THFT 3RD/SOLCT","812","81201402C","F","2","GRAND THEFT 3RD DEGREE/ARMED"
"411","GRAND THFT 3RD/SOLCT","812","81201402C","F","3","GRAND THEFT 3RD DEGREE"
"412","GRAND THFT 3RD/SOLCT","812","81201402C","M","1","GRAND THEFT 3RD DEGREE/300><5K/SOLICIT"
"413","GRAND THFT 3RD/SOLCT","812","81201402C","F","3","GRAND THEFT 3RD DEGREE/5K><20K/CONSPIRACY"
"414","GRAND THFT 3RD/SOLCT","812","81201402C","F","3","GRAND THEFT 3RD DEGREE/BY CONTRACTOR"
"415","ROBBERY/CARJACKING","812","81213302B","F","2","ROBBERY/CARJACKING/ATTEMPT"
"416","ROBBERY/CARJACKING","812","81213302B","F","2","ROBBERY/CARJACKING/CONSPIRACY"
"417","ROBBERY/CARJACKING","812","81213302B","F","L","ROBBERY/CARJACKING/AGG BATTERY"
"418","ROBBERY/CARJACKING","812","81213302B","F","1","ROBBERY/CARJACKING"
"419","GRAND THEFT/ARM/CONS","812","81201402C","F","3","GRAND THEFT 3RD DEGREE/ARMED/CONSPIRACY"
"420","GRAND THEFT/ARM/CONS","812","81201402C","F","3","GRAND THEFT 3RD DEGREE/CONSPIRE"
"421","GRAND THEFT/ARM/CONS","812","81201402C","M","1","GRAND THEFT 3RD DEGREE/300><5K/CONSPIRACY"
"422","GRAND THEFT/ARM/CONS","812","81201402C","F","2","GRAND THEFT 3RD DEGREE/ARMED"
"423","GRAND THEFT/ARM/CONS","812","81201402C","F","3","GRAND THEFT 3RD DEGREE"
"424","GRAND THEFT/ARM/CONS","812","81201402C","M","1","GRAND THEFT 3RD DEGREE/300><5K/SOLICIT"
"425","GRAND THEFT/ARM/CONS","812","81201402C","F","3","GRAND THEFT 3RD DEGREE/5K><20K/CONSPIRACY"
"426","GRAND THEFT/ARM/CONS","812","81201402C","F","3","GRAND THEFT 3RD DEGREE/BY CONTRACTOR"
"427","GRAND THEFT 3D/CONSP","812","81201402C","F","3","GRAND THEFT 3RD DEGREE/ARMED/CONSPIRACY"
"428","GRAND THEFT 3D/CONSP","812","81201402C","F","3","GRAND THEFT 3RD DEGREE/CONSPIRE"
"429","GRAND THEFT 3D/CONSP","812","81201402C","M","1","GRAND THEFT 3RD DEGREE/300><5K/CONSPIRACY"
"430","GRAND THEFT 3D/CONSP","812","81201402C","F","2","GRAND THEFT 3RD DEGREE/ARMED"
"431","GRAND THEFT 3D/CONSP","812","81201402C","F","3","GRAND THEFT 3RD DEGREE"
"432","GRAND THEFT 3D/CONSP","812","81201402C","M","1","GRAND THEFT 3RD DEGREE/300><5K/SOLICIT"
"433","GRAND THEFT 3D/CONSP","812","81201402C","F","3","GRAND THEFT 3RD DEGREE/5K><20K/CONSPIRACY"
"434","GRAND THEFT 3D/CONSP","812","81201402C","F","3","GRAND THEFT 3RD DEGREE/BY CONTRACTOR"
"435","PETIT THEFT/CONSPIRE","812","81201403A","M","2","PETIT THEFT/ATTEMPT"
"436","PETIT THEFT/CONSPIRE","812","81201403A","M","2","PETIT THEFT/CONSPIRE"
"437","PETIT THEFT/CONSPIRE","812","81201403A","M","2","PETIT THEFT"
"438","PETIT THEFT/CONSPIRE","812","81201403A","M","2","PETIT THEFT/SOLICIT"
"439","ROBBERY/ARMED/MASK","812","81213002BM","F","2","ROBBERY/ARMED/ATTEMPT"
"440","ROBBERY/ARMED/MASK","812","81213002BM","F","2","ROBBERY/ARMED/CONSPIRACY"
"441","ROBBERY/ARMED/MASK","812","81213002BM","F","L","ROBBERY/ARMED W/WEAPON/PREJUDICE"
"442","ROBBERY/ARMED/MASK","812","81213002BM","F","1","ROBBERY/ARMED/WEAPON"
"443","ROBBERY/ARMED/MASK","812","81213002BM","F","2","ROBBERY/ARMED/PRINCIPAL TO ATTEMPT"
"444","ROBBERY/ARMED/MASK","812","81213002BM","F","2","ROBBERY/ARMED/SOLICITATION"
"445","ROBBERY/ARMED/MASK","812","81213002BM","F","1","ROBBERY/ARMED/WITH A MASK"
"446","G THFT/VEHICLE/ATTEM","812","81201402C6","F","3","GRAND THEFT 3D/VEHICLE/ATTEMPT"
"447","G THFT/VEHICLE/ATTEM","812","81201402C6","F","3","GRAND THEFT 3RD DEGREE/VEHICLE/CONSPIRACY"
"448","G THFT/VEHICLE/ATTEM","812","81201402C6","F","2","GRAND THEFT/VEHICLE/ARMED"
"449","G THFT/VEHICLE/ATTEM","812","81201402C6","F","3","GRAND THEFT 3RD DEGREE/VEHICLE"
"450","G THFT/VEHICLE/ATTEM","812","81201402C6","F","3","GRAND THEFT 3D/VEHICLE/SOLICIT"
"451","ROBBERY/STRNGARM/ATT","812","81213002C","F","2","ROBBERY/STRONGARM/ATTEMPT/WITH PREJUDICE"
"452","ROBBERY/STRNGARM/ATT","812","81213002C","F","3","ROBBERY/STRONGARM/ATTEMPT"
"453","ROBBERY/STRNGARM/ATT","812","81213002C","F","3","ROBBERY/STRONGARM/CONSPIRACY"
"454","ROBBERY/STRNGARM/ATT","812","81213002C","F","1","ROBBERY/STRONGARM/PREJUDICE"
"455","ROBBERY/STRNGARM/ATT","812","81213002C","F","1","STRONGARM ROBBERY WITH A VEHICLE AS A WEAPON"
"456","ROBBERY/STRNGARM/ATT","812","81213002C","F","2","ROBBERY/STRONGARM"
"457","ROBBERY/STRNGARM/ATT","812","81213002C","F","3","ROBBERY/STRONGARM/SOLICITATION TO COMMIT"
"458","ROBBERY/STRNGARM/ATT","812","81213002C","F","2","ROBBERY/STRONGARM/W/AGG BATTERY/ATTEMPT"
"459","ROBBERY/STRNGARM/ATT","812","81213002C","F","1","ROBBERY/STRONGARM W/AGG BATTERY"
"460","ROBBERY/STRNGARM/ATT","812","81213002C","F","2","ROBBERY/STRONGARM/MASK/ATTEMPT"
"461","ROBBERY/STRNGARM/ATT","812","81213002C","F","1","ROBBERY/STRONGARM/MASK"
"462","PETIT THEFT 2> CONV","812","81201403C","F","3","PETIT THEFT TWO > CONVICTIONS"
"463","ANTISHPLFT DEV/USE","812","81201507","F","3","ANTISHOPLIFT/INVENTORY DEVICE/USE/ATTEMPT TO USE"
"464","RESIST OFFICER/MERCH","812","81201506","M","1","RESISTING OFFICER, MERCHANT IN RECOVERING PROPERTY"
"465","GND THFT/VEH/ARMED","812","81201402C6","F","3","GRAND THEFT 3D/VEHICLE/ATTEMPT"
"466","GND THFT/VEH/ARMED","812","81201402C6","F","3","GRAND THEFT 3RD DEGREE/VEHICLE/CONSPIRACY"
"467","GND THFT/VEH/ARMED","812","81201402C6","F","2","GRAND THEFT/VEHICLE/ARMED"
"468","GND THFT/VEH/ARMED","812","81201402C6","F","3","GRAND THEFT 3RD DEGREE/VEHICLE"
"469","GND THFT/VEH/ARMED","812","81201402C6","F","3","GRAND THEFT 3D/VEHICLE/SOLICIT"
"470","CREDIT CARD/EQUIP","817","8176310","F","3","CREDIT CARD/EQUIPMENT TO MAKE/POSSESS, SELL, ETC."
"471","CRED CARD/LOST/ATT","817","81760002","M","2","CREDIT CARD/LOST, MISLAID/ATTEMPT"
"472","CRED CARD/LOST/ATT","817","81760002","M","1","CREDIT CARD/LOST, MISLAID"
"473","UNLAW POSS 5+ INDET","817","81756853B2","F","3","UNLAW POSSES 5 OR MORE IDENT"
"474","UNLAW POSS <4 IDENT","817","81756853A","M","1","UNLAW POSSES 4 OR FEWER IDENT"
"475","CREDIT CARD/TRAFFICK","817","8176110","F","2","CREDIT CARD/TRAFFICK IN COUNTERFEIT"
"476","CREDIT CARD/TRAFFICK","817","8176110","F","3","CREDIT CARD/TRAFFICK IN COUNTERFEIT/CONSPIRACY"
"477","HIRED VEH/FAIL REDEL","817","81752003","F","3","HIRED VEHICLE/FAIL TO REDELIVER"
"478","VEH INS CARD/FALSE","817","8172361","F","3","MOTOR VEHICLE INSURANCE CARD/FALSE/FRAUDULENT"
"479","CREDIT CARD/FORGERY","817","81760006A","F","3","CREDIT CARD/FORGERY/INTENT TO DEFRAUD"
"480","CREDIT CARD/FORGERY","817","81760006A","M","1","CREDIT CARD/FORGERY/INTENT TO DEFRAUD/CONSPIRACY"
"481","ID/USE/POS/FRAUD/CON","817","81756802A","F","3","IDENTIFICATION/PERSONAL/FRAUDULENT USE/POSSESS/ATT"
"482","ID/USE/POS/FRAUD/CON","817","81756802A","F","2","IDENTIFICATION/PERS/FRAUD/USE/POSS/PUBLIC RECORD"
"483","ID/USE/POS/FRAUD/CON","817","81756802A","F","3","IDENTIFICATION/PERSONAL/FRAUDULENTLY USE/POSSESS"
"484","ID/USE/POS/FRAUD/CON","817","81756802A","F","3","IDENTIFICATION/PERSONAL/FRAUDULENTLY USE/POSS/CON"
"485","CREDIT CARD/THEFT OF","817","81760001","M","1","CREDIT CARD/THEFT OF"
"486","FALSE REPORT/CRIME","817","8174900","M","1","FALSE REPORT OF COMMISSION OF A CRIME"
"487","ID/USE/POSS/FRAUD","817","81756802A","F","3","IDENTIFICATION/PERSONAL/FRAUDULENT USE/POSSESS/ATT"
"488","ID/USE/POSS/FRAUD","817","81756802A","F","2","IDENTIFICATION/PERS/FRAUD/USE/POSS/PUBLIC RECORD"
"489","ID/USE/POSS/FRAUD","817","81756802A","F","3","IDENTIFICATION/PERSONAL/FRAUDULENTLY USE/POSSESS"
"490","ID/USE/POSS/FRAUD","817","81756802A","F","3","IDENTIFICATION/PERSONAL/FRAUDULENTLY USE/POSS/CON"
"491","ID/USE/POSSESS/FRD","817","81756802","F","3","IDENTIFICATION/PERSONAL/FRAUDULENT USE/POSSESSION"
"492","UNLA POSS STO CREDIT","817","81760008","F","3","UNLAWFUL POSSESS OF A STOLEN CREDIT OR DEBIT CARD"
"493","VEHICLE/OBT BY TRICK","817","81752001","F","3","VEHICLE/OBTAIN BY TRICK"
"494","CREDIT CARD/TRF/5-14","817","81761102A","F","3","CREDIT CARD/TRAF COUNTERFEIT/5-14/CON"
"495","CREDIT CARD/TRF/5-14","817","81761102A","F","2","CREDIT CARD/TRAF COUNTERFEIT/5-14"
"496","CREDIT CARD/TR/15-49","817","81761102B","F","3","CREDIT CARD/TRAF COUNTERFEIT/15-49/CON"
"497","CREDIT CARD/TR/15-49","817","81761102B","F","2","CREDIT CARD/TRAF COUNTERFEIT/15-49"
"498","ID/FRD USE/ATTEMPT","817","81756802A","F","3","IDENTIFICATION/PERSONAL/FRAUDULENT USE/POSSESS/ATT"
"499","ID/FRD USE/ATTEMPT","817","81756802A","F","2","IDENTIFICATION/PERS/FRAUD/USE/POSS/PUBLIC RECORD"
"500","ID/FRD USE/ATTEMPT","817","81756802A","F","3","IDENTIFICATION/PERSONAL/FRAUDULENTLY USE/POSSESS"
"501","ID/FRD USE/ATTEMPT","817","81756802A","F","3","IDENTIFICATION/PERSONAL/FRAUDULENTLY USE/POSS/CON"
"502","CREDIT CARD/DEALING","817","81760005","F","3","CREDIT CARD/DEALING IN ANOTHERS"
"503","CHILD NEG NO GR HARM","827","82703002D","F","3","CHILD NEGLECT NO GREAT BOD HARM"
"504","CHILD ABUSE/AGG/90","827","82703001","F","2","CHILD ABUSE/AGGRAVATED/GREAT BOD HARM/TOR/90"
"505","CHILD ABUSE/NO HARM","827","82703002C","F","3","CHILD ABUSE/NO GREAT BODILY HARM"
"506","CONTRI DELINQ MINOR","827","82704001","M","1","CONTRIBUTING TO DELINQUENCY/DEPENDENCY OF A CHILD"
"507","ANIMAL/CRUELTY/INTNT","828","82812002","F","3","ANIMAL/CRUELTY TO WITH INTENT TO INJURE, KILL/CON"
"508","ANIMAL/CRUELTY/INTNT","828","82812002","F","3","ANIMAL/CRUELTY TO WITH INTENT TO INJURE, KILL"
"509","ANIMAL/CRUELTY/INTNT","828","82812002","F","2","ANIMAL/CRUELTY W/ INTENT INJURE/KILL/DEADLY WEAPON"
"510","ANIMAL/CRUELTY/INTNT","828","82812002","F","3","ANIMAL/CRUELTY TO WITH INTENT /INJURE/KILL/2ND/SUB"
"511","CNTRFT/LBEL>2500<20K","831","83103202","F","2","COUNTERFEIT LABELS/SALE/PURCHASE/POSSESS/$20K OR >"
"512","CNTRFT/LBEL>2500<20K","831","83103202","F","3","COUNTERFEIT/LABELS/SALE/PURCHASE/POSSESS>$2500<20K"
"513","CNTRFT/LBEL>2500<20K","831","83103202","M","1","FORGING/COUNTERFEITING LABELS"
"514","CONT SUB/PRESC BLNK","831","83131101","F","3","CONTR SUBS/PRESCRIPT BLANKS/CNTFT RESIS/UNLAW ACTS"
"515","CNFT/PMT INSTRUMENT","831","83128002A","F","3","COUNTERFEIT/POSSESS COUNTERFEIT/PAYMENT INSTRUMENT"
"516","UTTER/FRG/CHECK/ATTP","831","8310200","M","1","UTTERING FORGED INSTRUMENT/CHECK/ATTEMPT"
"517","UTTER/FRG/CHECK/ATTP","831","8310200","F","3","UTTERING FORGED INSTRUMENTS"
"518","UTTER/FRG/CHECK/ATTP","831","8310200","F","3","UTTERING FORGED INSTRUMENTS/PRINCIPAL"
"519","UTTER/FRG/CHECK/ATTP","831","8310200","F","3","UTTERING FORGED INSTRUMENT/CREDIT CARD"
"520","UTTER/FRG/CHECK/ATTP","831","8310200","F","3","UTTERING FORGED INSTRUMENT/CHECK"
"521","UTTERING/CHECK","831","8310200B","M","1","UTTERING FORGED INSTRUMENT/CHECK/ATTEMPT"
"522","UTTERING/CHECK","831","8310200B","F","3","UTTERING FORGED INSTRUMENTS"
"523","UTTERING/CHECK","831","8310200B","F","3","UTTERING FORGED INSTRUMENTS/PRINCIPAL"
"524","UTTERING/CHECK","831","8310200B","F","3","UTTERING FORGED INSTRUMENT/CREDIT CARD"
"525","UTTERING/CHECK","831","8310200B","F","3","UTTERING FORGED INSTRUMENT/CHECK"
"526","FORGED NOTES/POSN","831","8310800","F","3","FORGED, COUNTERFEIT NOTES/POSSESSION"
"527","THREATEN/LEO/ASA/FIR","836","83612002","M","1","THREATEN LAW ENFORCEMENT OFFICER/ASA/FIRE/JUD"
"528","FLS INFO/LAW OFC/INV","837","8370550","M","1","FALSE INFORMATION TO LAW OFFICER/INVESTIGATION"
"529","PUB SERV/THREATEN","838","83802101A","F","2","PUBLIC SERVANT/INFLUENCE PERFORMANCE/HARM"
"530","PUB SERV/THREATEN","838","83802101A","F","3","PUBLIC SERVANT/INFLUENCE PERFORMANCE/THREAT"
"531","PUB SRV/INF PRF/HARM","838","83802101A","F","2","PUBLIC SERVANT/INFLUENCE PERFORMANCE/HARM"
"532","PUB SRV/INF PRF/HARM","838","83802101A","F","3","PUBLIC SERVANT/INFLUENCE PERFORMANCE/THREAT"
"533","RESIST OFF W/O VIOL","843","8430200","M","1","RESISTING OFFICER WITHOUT VIOLENCE TO HIS PERSON"
"534","OBSTRT/DISGUISE PERS","843","8430300","M","1","OBSTRUCTION BY DISGUISED PERSON"
"535","RESIST OFF W/VIO/FIR","843","8430100","F","2","RESISTING OFFICER W/VIOLENCE TO HIS PERSON/FIREARM"
"536","RESIST OFF W/VIO/FIR","843","8430100","F","3","RESISTING OFFICER WITH VIOLENCE TO HIS PERSON"
"537","RESIST OFF W/VIOL","843","8430100","F","2","RESISTING OFFICER W/VIOLENCE TO HIS PERSON/FIREARM"
"538","RESIST OFF W/VIOL","843","8430100","F","3","RESISTING OFFICER WITH VIOLENCE TO HIS PERSON"
"539","FLS PERSONATE OFF","843","8430800","F","L","FALSELY PERSONATING OFFICER/COMM/FEL/DW/DEATH"
"540","FLS PERSONATE OFF","843","8430800","F","1","FALSELY PERSONATE OFFICER/COMM OF FEL/INJURY/DEATH"
"541","FLS PERSONATE OFF","843","8430800","F","2","FALSELY PERSONATE OFFICER/COMMISSION OF FELONY"
"542","FLS PERSONATE OFF","843","8430800","F","3","FALSELY PERSONATE AN OFFICER"
"543","FLS PERSONATE OFF","843","8430800","F","1","FALSELY PERSONATING OFF/COMM/FELONY/DWEAPON"
"544","TAMPER/ELEC/MONITOR","843","84323003","F","3","TAMPERING WITH ELECTRONIC MONITORING DEVICE"
"545","LOITERING OR PROWL","856","8560210","M","2","LOITERING OR PROWLING"
"546","DISORDERLY INTOX","856","8560110","M","2","DISORDERLY INTOXICATION"
"547","NARCOTICS/NO PRESC","859","8590500","F","3","NARCOTICS/SELL WITHOUT PRESCRIPTION"
"548","FALSE NAME/FAIL REG","865","8650900","M","2","FICTITIOUS NAME/FAIL TO REGISTER"
"549","DISORDERLY CONDUCT","877","8770300","M","2","DISORDERLY CONDUCT/BREACH OF THE PEACE"
"550","CANN/SELL/DEL/PSNW/I","893","89313001A2C","F","3","CANNABIS/SELL/MAN/DELLLIV/POSSESS W/INTENT/ATTEMPT"
"551","CANN/SELL/DEL/PSNW/I","893","89313001A2C","F","3","CANNABIS/SELL/MAN/DELIV/POSS W/INTENT/CONSPIRE"
"552","CANN/SELL/DEL/PSNW/I","893","89313001A2C","F","3","CONT SUBST/SELL/MAN/DEL/POSN W/INT/CONSPIRE"
"553","CANN/SELL/DEL/PSNW/I","893","89313001A2C","F","2","CANNABIS/SELL/MAN/DEL/POSS W/INTENT/ARMED"
"554","CANN/SELL/DEL/PSNW/I","893","89313001A2C","F","2","CONTROLLED SUBSTANCE/SELL/MAN/DEL/POSS/W/INT/ARMED"
"555","CANN/SELL/DEL/PSNW/I","893","89313001A2C","F","3","CANNABIS/SELL/MANUFACTURE/DEL/POSN W/IN"
"556","CANN/SELL/DEL/PSNW/I","893","89313001A2C","F","3","CANNABIS/SELL/MAN/DELIV/POSS W/INTENT/SOLICIT"
"557","CANN/SELL/DEL/PSNW/I","893","89313001A2C","F","3","CONTROLLED SUBSTANCE/SELL/MAN/DEL/POSN W/INTENT"
"558","CANN/SELL/DEL/PSNW/I","893","89313001A2C","F","3","CANNABIS/SELL/MAN/DELIVER/POSSESS W/ INTENT"
"559","CANN/SELL/DEL/PSNW/I","893","89313001A2C","F","3","CANNABIS/SALE, DELIVERY/PRINCIPAL"
"560","CANN/SELL/DEL/PSNW/I","893","89313001A2C","F","3","HALLUCINOGENS/SELL/MAN/DELIVER/POSSESS W/INTENT"
"561","CANN/SELL/DEL/PSNW/I","893","89313001A2C","F","3","BARBITURATE/STIM/SELL/MAN/DEL/POSSESS W/INTENT"
"562","CANN/SELL/DEL/PSNW/I","893","89313001A2C","F","3","SYNTHETIC NARCOTICS/SELL/MAN/DEL/POSN W/INTENT"
"563","CANNABIS/POSN/0-20","893","89313006B","M","2","CANNABIS/POSSESSION UNDER 20 GRAMS/ATTEMPT"
"564","CANNABIS/POSN/0-20","893","89313006B","M","1","CANNABIS/POSSESSION/20 GRAMS OR LESS"
"565","COCAINE/SELL/MAN/ATT","893","89313001A1","F","3","COCAINE/SELL/MAN/DEL/POSSESS W/INTENT/ATTEMPT"
"566","COCAINE/SELL/MAN/ATT","893","89313001A1","F","3","CONTROLLED SUBSTANCE/SELL/MAN/DEL/POSN W/INT/CONSP"
"567","COCAINE/SELL/MAN/ATT","893","89313001A1","F","2","CONTROLLED SUBSTANCE/SELL/MAN/DEL/POSS W/INTENT"
"568","COCAINE/SELL/MAN/ATT","893","89313001A1","F","3","COCAINE/SELL/MAN/DEL/POSS W/INTENT/SOLICITATION"
"569","COCAINE/SELL/MAN/ATT","893","89313001A1","F","3","COCAINE/SELL/MAN/DEL/POSSESS W/INTENT/CONSPIRE"
"570","COCAINE/SELL/MAN/ATT","893","89313001A1","F","1","CONT SUBST/SELL/MAN/DEL/POSS W/INTENT/ARMED"
"571","COCAINE/SELL/MAN/ATT","893","89313001A1","F","2","COCAINE/SELL/MAN/DELIVER/POSSESS W/INTENT"
"572","COCAINE/SELL/MAN/ATT","893","89313001A1","F","3","HASHISH/SELL/MAN/DELIVER/POSSESS W/INTENT"
"573","COCAINE/SELL/MAN/ATT","893","89313001A1","F","2","HEROIN/SELL/MAN/DELIVER/POSSESS W/INTENT"
"574","COCAINE/SELL/MAN/ATT","893","89313001A1","F","2","HEROIN/SELL/MAN/DELIVER/POSS W/INTENT/PRINCIPAL"
"575","COCAINE/SELL/MAN/ATT","893","89313001A1","F","2","METHADONE/SELL/MAN/DELIVER/POSSESS W/INTENT"
"576","COCAINE/SELL/MAN/ATT","893","89313001A1","F","2","OPIUM/DERIV/SELL/MAN/DEL/POSSESS W/INTENT"
"577","COCAINE/SELL/MAN/ATT","893","89313001A1","F","2","MORPHINE/SELL/MAN/DELIVER/POSSESS W/INTENT"
"578","COCAINE/POSSESSION","893","89313006A1","F","3","COCAINE/POSSESSION/ATTEMPT"
"579","COCAINE/POSSESSION","893","89313006A1","F","3","COCAINE/POSSESSION/CONSPIRACY"
"580","COCAINE/POSSESSION","893","89313006A1","F","2","COCAINE/POSSESSION WITH A FIREARM"
"581","CANNABIS/POSN/20+","893","89313006A2","F","2","CANNABIS/POSSESS/MORE THAN 20 GR/ARMED"
"582","CANNABIS/POSN/20+","893","89313006A2","F","3","CONTROLLED SUBSTANCE/POSSESSION"
"583","CANNABIS/POSN/20+","893","89313006A2","F","3","CONTROLLED SUBSTANCE/POSSESSION/THC"
"584","CANNABIS/POSN/20+","893","89313006A2","F","3","COCAINE/POSSESSION"
"585","CANNABIS/POSN/20+","893","89313006A2","F","3","CANNABIS/POSSESSION/MORE THAN 20 GRAMS"
"586","CANNABIS/POSN/20+","893","89313006A2","F","2","CONTROLLED SUBSTANCE/POSSESSION/ARMED"
"587","CANN/POSN/-20/ATTEMP","893","89313006B","M","2","CANNABIS/POSSESSION UNDER 20 GRAMS/ATTEMPT"
"588","CANN/POSN/-20/ATTEMP","893","89313006B","M","1","CANNABIS/POSSESSION/20 GRAMS OR LESS"
"589","CONT SUBS/POSS","893","89313006A","F","2","CANNABIS/POSSESS/MORE THAN 20 GR/ARMED"
"590","CONT SUBS/POSS","893","89313006A","F","3","CONTROLLED SUBSTANCE/POSSESSION"
"591","CONT SUBS/POSS","893","89313006A","F","3","CONTROLLED SUBSTANCE/POSSESSION/THC"
"592","CONT SUBS/POSS","893","89313006A","F","3","COCAINE/POSSESSION"
"593","CONT SUBS/POSS","893","89313006A","F","3","CANNABIS/POSSESSION/MORE THAN 20 GRAMS"
"594","CONT SUBS/POSS","893","89313006A","F","2","CONTROLLED SUBSTANCE/POSSESSION/ARMED"
"595","CANNAB/PUR/POS/SOLIC","893","89313002A2","M","1","CANNABIS/PURCHASE/POSN W/INTENT TO PURCH/CONSPACY"
"596","CANNAB/PUR/POS/SOLIC","893","89313002A2","F","3","CONTROLLED SUBSTANCE/PURCHASE/POSESS W/INTENT"
"597","CANNAB/PUR/POS/SOLIC","893","89313002A2","M","1","CANNABIS/PURCHASE/POSN W/INTENT/SOLICIT"
"598","CANNAB/PUR/POS/SOLIC","893","89313002A2","M","1","CANNABIS/PURCHASE/POSN W/INTENT TO PURCH/ATTEMPT"
"599","CANNAB/PUR/POS/SOLIC","893","89313002A2","F","3","CANNABIS/PURCHASE/POSN/W/INTENT TO PURCHASE"
"600","CONT SUB/SELL/DEL","893","89313001A1","F","3","COCAINE/SELL/MAN/DEL/POSSESS W/INTENT/ATTEMPT"
"601","CONT SUB/SELL/DEL","893","89313001A1","F","3","CONTROLLED SUBSTANCE/SELL/MAN/DEL/POSN W/INT/CONSP"
"602","CONT SUB/SELL/DEL","893","89313001A1","F","2","CONTROLLED SUBSTANCE/SELL/MAN/DEL/POSS W/INTENT"
"603","CONT SUB/SELL/DEL","893","89313001A1","F","3","COCAINE/SELL/MAN/DEL/POSS W/INTENT/SOLICITATION"
"604","CONT SUB/SELL/DEL","893","89313001A1","F","3","COCAINE/SELL/MAN/DEL/POSSESS W/INTENT/CONSPIRE"
"605","CONT SUB/SELL/DEL","893","89313001A1","F","1","CONT SUBST/SELL/MAN/DEL/POSS W/INTENT/ARMED"
"606","CONT SUB/SELL/DEL","893","89313001A1","F","2","COCAINE/SELL/MAN/DELIVER/POSSESS W/INTENT"
"607","CONT SUB/SELL/DEL","893","89313001A1","F","3","HASHISH/SELL/MAN/DELIVER/POSSESS W/INTENT"
"608","CONT SUB/SELL/DEL","893","89313001A1","F","2","HEROIN/SELL/MAN/DELIVER/POSSESS W/INTENT"
"609","CONT SUB/SELL/DEL","893","89313001A1","F","2","HEROIN/SELL/MAN/DELIVER/POSS W/INTENT/PRINCIPAL"
"610","CONT SUB/SELL/DEL","893","89313001A1","F","2","METHADONE/SELL/MAN/DELIVER/POSSESS W/INTENT"
"611","CONT SUB/SELL/DEL","893","89313001A1","F","2","OPIUM/DERIV/SELL/MAN/DEL/POSSESS W/INTENT"
"612","CONT SUB/SELL/DEL","893","89313001A1","F","2","MORPHINE/SELL/MAN/DELIVER/POSSESS W/INTENT"
"613","CANN/SELL/DEL/ARMED","893","89313001A2","F","3","CANNABIS/SELL/MAN/DELLLIV/POSSESS W/INTENT/ATTEMPT"
"614","CANN/SELL/DEL/ARMED","893","89313001A2","F","3","CANNABIS/SELL/MAN/DELIV/POSS W/INTENT/CONSPIRE"
"615","CANN/SELL/DEL/ARMED","893","89313001A2","F","3","CONT SUBST/SELL/MAN/DEL/POSN W/INT/CONSPIRE"
"616","CANN/SELL/DEL/ARMED","893","89313001A2","F","2","CANNABIS/SELL/MAN/DEL/POSS W/INTENT/ARMED"
"617","CANN/SELL/DEL/ARMED","893","89313001A2","F","2","CONTROLLED SUBSTANCE/SELL/MAN/DEL/POSS/W/INT/ARMED"
"618","CANN/SELL/DEL/ARMED","893","89313001A2","F","3","CANNABIS/SELL/MANUFACTURE/DEL/POSN W/IN"
"619","CANN/SELL/DEL/ARMED","893","89313001A2","F","3","CANNABIS/SELL/MAN/DELIV/POSS W/INTENT/SOLICIT"
"620","CANN/SELL/DEL/ARMED","893","89313001A2","F","3","CONTROLLED SUBSTANCE/SELL/MAN/DEL/POSN W/INTENT"
"621","CANN/SELL/DEL/ARMED","893","89313001A2","F","3","CANNABIS/SELL/MAN/DELIVER/POSSESS W/ INTENT"
"622","CANN/SELL/DEL/ARMED","893","89313001A2","F","3","CANNABIS/SALE, DELIVERY/PRINCIPAL"
"623","CANN/SELL/DEL/ARMED","893","89313001A2","F","3","HALLUCINOGENS/SELL/MAN/DELIVER/POSSESS W/INTENT"
"624","CANN/SELL/DEL/ARMED","893","89313001A2","F","3","BARBITURATE/STIM/SELL/MAN/DEL/POSSESS W/INTENT"
"625","CANN/SELL/DEL/ARMED","893","89313001A2","F","3","SYNTHETIC NARCOTICS/SELL/MAN/DEL/POSN W/INTENT"
"626","COKE/SELL/DEL/W/INT","893","89313001A1C","F","3","COCAINE/SELL/MAN/DEL/POSSESS W/INTENT/ATTEMPT"
"627","COKE/SELL/DEL/W/INT","893","89313001A1C","F","3","CONTROLLED SUBSTANCE/SELL/MAN/DEL/POSN W/INT/CONSP"
"628","COKE/SELL/DEL/W/INT","893","89313001A1C","F","2","CONTROLLED SUBSTANCE/SELL/MAN/DEL/POSS W/INTENT"
"629","COKE/SELL/DEL/W/INT","893","89313001A1C","F","3","COCAINE/SELL/MAN/DEL/POSS W/INTENT/SOLICITATION"
"630","COKE/SELL/DEL/W/INT","893","89313001A1C","F","3","COCAINE/SELL/MAN/DEL/POSSESS W/INTENT/CONSPIRE"
"631","COKE/SELL/DEL/W/INT","893","89313001A1C","F","1","CONT SUBST/SELL/MAN/DEL/POSS W/INTENT/ARMED"
"632","COKE/SELL/DEL/W/INT","893","89313001A1C","F","2","COCAINE/SELL/MAN/DELIVER/POSSESS W/INTENT"
"633","COKE/SELL/DEL/W/INT","893","89313001A1C","F","3","HASHISH/SELL/MAN/DELIVER/POSSESS W/INTENT"
"634","COKE/SELL/DEL/W/INT","893","89313001A1C","F","2","HEROIN/SELL/MAN/DELIVER/POSSESS W/INTENT"
"635","COKE/SELL/DEL/W/INT","893","89313001A1C","F","2","HEROIN/SELL/MAN/DELIVER/POSS W/INTENT/PRINCIPAL"
"636","COKE/SELL/DEL/W/INT","893","89313001A1C","F","2","METHADONE/SELL/MAN/DELIVER/POSSESS W/INTENT"
"637","COKE/SELL/DEL/W/INT","893","89313001A1C","F","2","OPIUM/DERIV/SELL/MAN/DEL/POSSESS W/INTENT"
"638","COKE/SELL/DEL/W/INT","893","89313001A1C","F","2","MORPHINE/SELL/MAN/DELIVER/POSSESS W/INTENT"
"639","CANN/SELL/DEL/ATTEMP","893","89313001A2","F","3","CANNABIS/SELL/MAN/DELLLIV/POSSESS W/INTENT/ATTEMPT"
"640","CANN/SELL/DEL/ATTEMP","893","89313001A2","F","3","CANNABIS/SELL/MAN/DELIV/POSS W/INTENT/CONSPIRE"
"641","CANN/SELL/DEL/ATTEMP","893","89313001A2","F","3","CONT SUBST/SELL/MAN/DEL/POSN W/INT/CONSPIRE"
"642","CANN/SELL/DEL/ATTEMP","893","89313001A2","F","2","CANNABIS/SELL/MAN/DEL/POSS W/INTENT/ARMED"
"643","CANN/SELL/DEL/ATTEMP","893","89313001A2","F","2","CONTROLLED SUBSTANCE/SELL/MAN/DEL/POSS/W/INT/ARMED"
"644","CANN/SELL/DEL/ATTEMP","893","89313001A2","F","3","CANNABIS/SELL/MANUFACTURE/DEL/POSN W/IN"
"645","CANN/SELL/DEL/ATTEMP","893","89313001A2","F","3","CANNABIS/SELL/MAN/DELIV/POSS W/INTENT/SOLICIT"
"646","CANN/SELL/DEL/ATTEMP","893","89313001A2","F","3","CONTROLLED SUBSTANCE/SELL/MAN/DEL/POSN W/INTENT"
"647","CANN/SELL/DEL/ATTEMP","893","89313001A2","F","3","CANNABIS/SELL/MAN/DELIVER/POSSESS W/ INTENT"
"648","CANN/SELL/DEL/ATTEMP","893","89313001A2","F","3","CANNABIS/SALE, DELIVERY/PRINCIPAL"
"649","CANN/SELL/DEL/ATTEMP","893","89313001A2","F","3","HALLUCINOGENS/SELL/MAN/DELIVER/POSSESS W/INTENT"
"650","CANN/SELL/DEL/ATTEMP","893","89313001A2","F","3","BARBITURATE/STIM/SELL/MAN/DEL/POSSESS W/INTENT"
"651","CANN/SELL/DEL/ATTEMP","893","89313001A2","F","3","SYNTHETIC NARCOTICS/SELL/MAN/DEL/POSN W/INTENT"
"652","DRUG PARAPHERNA/POSN","893","89314701","M","1","DRUG PARAPHERNALIA/POSSESSION W/INTENT TO USE"
"653","HER/SELL/DEL W/INT","893","89313001A1F","F","3","COCAINE/SELL/MAN/DEL/POSSESS W/INTENT/ATTEMPT"
"654","HER/SELL/DEL W/INT","893","89313001A1F","F","3","CONTROLLED SUBSTANCE/SELL/MAN/DEL/POSN W/INT/CONSP"
"655","HER/SELL/DEL W/INT","893","89313001A1F","F","2","CONTROLLED SUBSTANCE/SELL/MAN/DEL/POSS W/INTENT"
"656","HER/SELL/DEL W/INT","893","89313001A1F","F","3","COCAINE/SELL/MAN/DEL/POSS W/INTENT/SOLICITATION"
"657","HER/SELL/DEL W/INT","893","89313001A1F","F","3","COCAINE/SELL/MAN/DEL/POSSESS W/INTENT/CONSPIRE"
"658","HER/SELL/DEL W/INT","893","89313001A1F","F","1","CONT SUBST/SELL/MAN/DEL/POSS W/INTENT/ARMED"
"659","HER/SELL/DEL W/INT","893","89313001A1F","F","2","COCAINE/SELL/MAN/DELIVER/POSSESS W/INTENT"
"660","HER/SELL/DEL W/INT","893","89313001A1F","F","3","HASHISH/SELL/MAN/DELIVER/POSSESS W/INTENT"
"661","HER/SELL/DEL W/INT","893","89313001A1F","F","2","HEROIN/SELL/MAN/DELIVER/POSSESS W/INTENT"
"662","HER/SELL/DEL W/INT","893","89313001A1F","F","2","HEROIN/SELL/MAN/DELIVER/POSS W/INTENT/PRINCIPAL"
"663","HER/SELL/DEL W/INT","893","89313001A1F","F","2","METHADONE/SELL/MAN/DELIVER/POSSESS W/INTENT"
"664","HER/SELL/DEL W/INT","893","89313001A1F","F","2","OPIUM/DERIV/SELL/MAN/DEL/POSSESS W/INTENT"
"665","HER/SELL/DEL W/INT","893","89313001A1F","F","2","MORPHINE/SELL/MAN/DELIVER/POSSESS W/INTENT"
"666","COKE/SCHOOL/CONSP","893","89313001C1","F","1","CONT SUB/SELL/DEL/POSN/1000FT/SCHOOL/ATTEMPT/ARMED"
"667","COKE/SCHOOL/CONSP","893","89313001C1","F","2","CONT SUB/SELL/DEL/POSN W/INT/1000 FT/SCHOOL/ATTMPT"
"668","COKE/SCHOOL/CONSP","893","89313001C1","F","2","COCAINE/SELL/DEL/POSN W/INTENT/1000 OF SCHOOL/CONS"
"669","COKE/SCHOOL/CONSP","893","89313001C1","F","2","COCAINE/SELL/DEL/POSN W/INTENT/1000FT SCH/CON/GANG"
"670","COKE/SCHOOL/CONSP","893","89313001C1","F","L","CONT SUB/SELL/DEL/POSN W/INT/1000 FT/SCH/ARMED"
"671","COKE/SCHOOL/CONSP","893","89313001C1","F","1","CONT SUB/SELL/DEL/POSN W/INT/1000 FT/SCHOOL"
"672","COKE/SCHOOL/CONSP","893","89313001C1","F","2","CONT SUB/SELL/DEL/POSN W/INT/1000 FT/SCHOOL/CONSPI"
"673","COKE/SCHOOL/CONSP","893","89313001C1","F","1","COCAINE/SELL/DEL/POSN W/INTENT/1000 FT OF SCHOOL"
"674","COKE/SELL/DEL/ATTEMT","893","89313001A1C","F","3","COCAINE/SELL/MAN/DEL/POSSESS W/INTENT/ATTEMPT"
"675","COKE/SELL/DEL/ATTEMT","893","89313001A1C","F","3","CONTROLLED SUBSTANCE/SELL/MAN/DEL/POSN W/INT/CONSP"
"676","COKE/SELL/DEL/ATTEMT","893","89313001A1C","F","2","CONTROLLED SUBSTANCE/SELL/MAN/DEL/POSS W/INTENT"
"677","COKE/SELL/DEL/ATTEMT","893","89313001A1C","F","3","COCAINE/SELL/MAN/DEL/POSS W/INTENT/SOLICITATION"
"678","COKE/SELL/DEL/ATTEMT","893","89313001A1C","F","3","COCAINE/SELL/MAN/DEL/POSSESS W/INTENT/CONSPIRE"
"679","COKE/SELL/DEL/ATTEMT","893","89313001A1C","F","1","CONT SUBST/SELL/MAN/DEL/POSS W/INTENT/ARMED"
"680","COKE/SELL/DEL/ATTEMT","893","89313001A1C","F","2","COCAINE/SELL/MAN/DELIVER/POSSESS W/INTENT"
"681","COKE/SELL/DEL/ATTEMT","893","89313001A1C","F","3","HASHISH/SELL/MAN/DELIVER/POSSESS W/INTENT"
"682","COKE/SELL/DEL/ATTEMT","893","89313001A1C","F","2","HEROIN/SELL/MAN/DELIVER/POSSESS W/INTENT"
"683","COKE/SELL/DEL/ATTEMT","893","89313001A1C","F","2","HEROIN/SELL/MAN/DELIVER/POSS W/INTENT/PRINCIPAL"
"684","COKE/SELL/DEL/ATTEMT","893","89313001A1C","F","2","METHADONE/SELL/MAN/DELIVER/POSSESS W/INTENT"
"685","COKE/SELL/DEL/ATTEMT","893","89313001A1C","F","2","OPIUM/DERIV/SELL/MAN/DEL/POSSESS W/INTENT"
"686","COKE/SELL/DEL/ATTEMT","893","89313001A1C","F","2","MORPHINE/SELL/MAN/DELIVER/POSSESS W/INTENT"
"687","COCAINE/PURCHASE","893","89313002A1B","F","3","COCAINE/PURCHASE/POSN W/INTENT TO PURCH/SOLICIT"
"688","COCAINE/PURCHASE","893","89313002A1B","F","3","CONTROLLED SUB/PURCHASE/POSN W/INT TO PUR/ATTEMPT"
"689","COCAINE/PURCHASE","893","89313002A1B","F","2","CONTROLLED SUBSTANCE/PURCHASE/POSN/W/INT/PURCHASE"
"690","COCAINE/PURCHASE","893","89313002A1B","F","3","CONTROLLED SUBSTANCE/PURCHASE/POSS W/INTENT/SOLIC"
"691","COCAINE/PURCHASE","893","89313002A1B","F","3","COCAINE/PURCHASE/POSN/W/INTENT TO PURCHASE/ATTEMPT"
"692","COCAINE/PURCHASE","893","89313002A1B","F","3","COCAINE/PURCHASE/POSN/W/INTENT TO PURCH/CONSPIRACY"
"693","COCAINE/PURCHASE","893","89313002A1B","F","2","COCAINE/PURCHASE/POSN/W/INTENT TO PURCHASE"
"694","HASH/SELL/POSS/W/INT","893","89313001A1E","F","3","COCAINE/SELL/MAN/DEL/POSSESS W/INTENT/ATTEMPT"
"695","HASH/SELL/POSS/W/INT","893","89313001A1E","F","3","CONTROLLED SUBSTANCE/SELL/MAN/DEL/POSN W/INT/CONSP"
"696","HASH/SELL/POSS/W/INT","893","89313001A1E","F","2","CONTROLLED SUBSTANCE/SELL/MAN/DEL/POSS W/INTENT"
"697","HASH/SELL/POSS/W/INT","893","89313001A1E","F","3","COCAINE/SELL/MAN/DEL/POSS W/INTENT/SOLICITATION"
"698","HASH/SELL/POSS/W/INT","893","89313001A1E","F","3","COCAINE/SELL/MAN/DEL/POSSESS W/INTENT/CONSPIRE"
"699","HASH/SELL/POSS/W/INT","893","89313001A1E","F","1","CONT SUBST/SELL/MAN/DEL/POSS W/INTENT/ARMED"
"700","HASH/SELL/POSS/W/INT","893","89313001A1E","F","2","COCAINE/SELL/MAN/DELIVER/POSSESS W/INTENT"
"701","HASH/SELL/POSS/W/INT","893","89313001A1E","F","3","HASHISH/SELL/MAN/DELIVER/POSSESS W/INTENT"
"702","HASH/SELL/POSS/W/INT","893","89313001A1E","F","2","HEROIN/SELL/MAN/DELIVER/POSSESS W/INTENT"
"703","HASH/SELL/POSS/W/INT","893","89313001A1E","F","2","HEROIN/SELL/MAN/DELIVER/POSS W/INTENT/PRINCIPAL"
"704","HASH/SELL/POSS/W/INT","893","89313001A1E","F","2","METHADONE/SELL/MAN/DELIVER/POSSESS W/INTENT"
"705","HASH/SELL/POSS/W/INT","893","89313001A1E","F","2","OPIUM/DERIV/SELL/MAN/DEL/POSSESS W/INTENT"
"706","HASH/SELL/POSS/W/INT","893","89313001A1E","F","2","MORPHINE/SELL/MAN/DELIVER/POSSESS W/INTENT"
"707","ILLDRG/TRF/28G>/<30K","893","89313501C1C","F","1","ILLEGAL DRUGS/TRAFFICKING/28GR>/<30KG"
"708","ILLDRG/TRF/28G>/<30K","893","89313501C1C","F","2","ILLEGAL DRUGS/TRAFFICKING/28GR>/<30KG/SOLICIT"
"709","CANN/PURCH/CONSPIRAC","893","89313002A2","M","1","CANNABIS/PURCHASE/POSN W/INTENT TO PURCH/CONSPACY"
"710","CANN/PURCH/CONSPIRAC","893","89313002A2","F","3","CONTROLLED SUBSTANCE/PURCHASE/POSESS W/INTENT"
"711","CANN/PURCH/CONSPIRAC","893","89313002A2","M","1","CANNABIS/PURCHASE/POSN W/INTENT/SOLICIT"
"712","CANN/PURCH/CONSPIRAC","893","89313002A2","M","1","CANNABIS/PURCHASE/POSN W/INTENT TO PURCH/ATTEMPT"
"713","CANN/PURCH/CONSPIRAC","893","89313002A2","F","3","CANNABIS/PURCHASE/POSN/W/INTENT TO PURCHASE"
"714","SYN NARC/SELL/DELIV","893","89313001A2I","F","3","CANNABIS/SELL/MAN/DELLLIV/POSSESS W/INTENT/ATTEMPT"
"715","SYN NARC/SELL/DELIV","893","89313001A2I","F","3","CANNABIS/SELL/MAN/DELIV/POSS W/INTENT/CONSPIRE"
"716","SYN NARC/SELL/DELIV","893","89313001A2I","F","3","CONT SUBST/SELL/MAN/DEL/POSN W/INT/CONSPIRE"
"717","SYN NARC/SELL/DELIV","893","89313001A2I","F","2","CANNABIS/SELL/MAN/DEL/POSS W/INTENT/ARMED"
"718","SYN NARC/SELL/DELIV","893","89313001A2I","F","2","CONTROLLED SUBSTANCE/SELL/MAN/DEL/POSS/W/INT/ARMED"
"719","SYN NARC/SELL/DELIV","893","89313001A2I","F","3","CANNABIS/SELL/MANUFACTURE/DEL/POSN W/IN"
"720","SYN NARC/SELL/DELIV","893","89313001A2I","F","3","CANNABIS/SELL/MAN/DELIV/POSS W/INTENT/SOLICIT"
"721","SYN NARC/SELL/DELIV","893","89313001A2I","F","3","CONTROLLED SUBSTANCE/SELL/MAN/DEL/POSN W/INTENT"
"722","SYN NARC/SELL/DELIV","893","89313001A2I","F","3","CANNABIS/SELL/MAN/DELIVER/POSSESS W/ INTENT"
"723","SYN NARC/SELL/DELIV","893","89313001A2I","F","3","CANNABIS/SALE, DELIVERY/PRINCIPAL"
"724","SYN NARC/SELL/DELIV","893","89313001A2I","F","3","HALLUCINOGENS/SELL/MAN/DELIVER/POSSESS W/INTENT"
"725","SYN NARC/SELL/DELIV","893","89313001A2I","F","3","BARBITURATE/STIM/SELL/MAN/DEL/POSSESS W/INTENT"
"726","SYN NARC/SELL/DELIV","893","89313001A2I","F","3","SYNTHETIC NARCOTICS/SELL/MAN/DEL/POSN W/INTENT"
"727","CONT SUB/PUR/POS W/I","893","89313002A2","M","1","CANNABIS/PURCHASE/POSN W/INTENT TO PURCH/CONSPACY"
"728","CONT SUB/PUR/POS W/I","893","89313002A2","F","3","CONTROLLED SUBSTANCE/PURCHASE/POSESS W/INTENT"
"729","CONT SUB/PUR/POS W/I","893","89313002A2","M","1","CANNABIS/PURCHASE/POSN W/INTENT/SOLICIT"
"730","CONT SUB/PUR/POS W/I","893","89313002A2","M","1","CANNABIS/PURCHASE/POSN W/INTENT TO PURCH/ATTEMPT"
"731","CONT SUB/PUR/POS W/I","893","89313002A2","F","3","CANNABIS/PURCHASE/POSN/W/INTENT TO PURCHASE"
"732","CANN/POSN/OVER 20/AR","893","89313006A","F","2","CANNABIS/POSSESS/MORE THAN 20 GR/ARMED"
"733","CANN/POSN/OVER 20/AR","893","89313006A","F","3","CONTROLLED SUBSTANCE/POSSESSION"
"734","CANN/POSN/OVER 20/AR","893","89313006A","F","3","CONTROLLED SUBSTANCE/POSSESSION/THC"
"735","CANN/POSN/OVER 20/AR","893","89313006A","F","3","COCAINE/POSSESSION"
"736","CANN/POSN/OVER 20/AR","893","89313006A","F","3","CANNABIS/POSSESSION/MORE THAN 20 GRAMS"
"737","CANN/POSN/OVER 20/AR","893","89313006A","F","2","CONTROLLED SUBSTANCE/POSSESSION/ARMED"
"738","CANNABIS/PURCH/ATTMT","893","89313002A2A","M","1","CANNABIS/PURCHASE/POSN W/INTENT TO PURCH/CONSPACY"
"739","CANNABIS/PURCH/ATTMT","893","89313002A2A","F","3","CONTROLLED SUBSTANCE/PURCHASE/POSESS W/INTENT"
"740","CANNABIS/PURCH/ATTMT","893","89313002A2A","M","1","CANNABIS/PURCHASE/POSN W/INTENT/SOLICIT"
"741","CANNABIS/PURCH/ATTMT","893","89313002A2A","M","1","CANNABIS/PURCHASE/POSN W/INTENT TO PURCH/ATTEMPT"
"742","CANNABIS/PURCH/ATTMT","893","89313002A2A","F","3","CANNABIS/PURCHASE/POSN/W/INTENT TO PURCHASE"
"743","CONT SUBS/ADMINISTER","893","89305001","M","1","CONTROLLED SUBSTANCE/ADMINISTERING UNLAWFULLY"
"744","PHEN/ECSTASY/TRA/>10","893","89313501K2","F","1","PHENETHYLAMINE/ECSTASY/TRAFFICKING/10GRM>"
"745","PHEN/ECSTASY/TRA/>10","893","89313501K2","F","1","PHENETHYLAMINE/ECSTASY/TRAFFICKING/>10/GRAMS"
"746","PHEN/ECSTASY/TRA/>10","893","89313501K2","F","2","PHENETHYLAMINE/ECSTASY/TRF/10GR>/SOLICIT"
"747","PHEN/ECSTASY/TRA/>10","893","89313501K2","F","2","PHENETHYLAMINE/ECSTACY/TRAFF/10GRM><200GRM/ATTEMPT"
"748","COKE/TRFK/ATTEMPT","893","89313501B1","F","1","COCAINE/TRAFFICKING/ARMED/ATTEMPT"
"749","COKE/TRFK/ATTEMPT","893","89313501B1","F","2","COCAINE/TRAFFICKING/28G>/<150K/ATTEMPT"
"750","COKE/TRFK/ATTEMPT","893","89313501B1","F","L","COCAINE/TRAFFICKING/28GR>/<150K/ARMED"
"751","COKE/TRFK/ATTEMPT","893","89313501B1","F","1","COCAINE/TRAFFICKING/28GR>/<150K"
"752","COKE/TRFK/ATTEMPT","893","89313501B1","F","2","COCAINE/TRAFFICKING/28GR>/<150K/SOLICITATION"
"753","CANNABIS/SALE/PRIN","893","89313001A2C","F","3","CANNABIS/SELL/MAN/DELLLIV/POSSESS W/INTENT/ATTEMPT"
"754","CANNABIS/SALE/PRIN","893","89313001A2C","F","3","CANNABIS/SELL/MAN/DELIV/POSS W/INTENT/CONSPIRE"
"755","CANNABIS/SALE/PRIN","893","89313001A2C","F","3","CONT SUBST/SELL/MAN/DEL/POSN W/INT/CONSPIRE"
"756","CANNABIS/SALE/PRIN","893","89313001A2C","F","2","CANNABIS/SELL/MAN/DEL/POSS W/INTENT/ARMED"
"757","CANNABIS/SALE/PRIN","893","89313001A2C","F","2","CONTROLLED SUBSTANCE/SELL/MAN/DEL/POSS/W/INT/ARMED"
"758","CANNABIS/SALE/PRIN","893","89313001A2C","F","3","CANNABIS/SELL/MANUFACTURE/DEL/POSN W/IN"
"759","CANNABIS/SALE/PRIN","893","89313001A2C","F","3","CANNABIS/SELL/MAN/DELIV/POSS W/INTENT/SOLICIT"
"760","CANNABIS/SALE/PRIN","893","89313001A2C","F","3","CONTROLLED SUBSTANCE/SELL/MAN/DEL/POSN W/INTENT"
"761","CANNABIS/SALE/PRIN","893","89313001A2C","F","3","CANNABIS/SELL/MAN/DELIVER/POSSESS W/ INTENT"
"762","CANNABIS/SALE/PRIN","893","89313001A2C","F","3","CANNABIS/SALE, DELIVERY/PRINCIPAL"
"763","CANNABIS/SALE/PRIN","893","89313001A2C","F","3","HALLUCINOGENS/SELL/MAN/DELIVER/POSSESS W/INTENT"
"764","CANNABIS/SALE/PRIN","893","89313001A2C","F","3","BARBITURATE/STIM/SELL/MAN/DEL/POSSESS W/INTENT"
"765","CANNABIS/SALE/PRIN","893","89313001A2C","F","3","SYNTHETIC NARCOTICS/SELL/MAN/DEL/POSN W/INTENT"
"766","METH/SELL/DEL/W/INT","893","89313001A1H","F","3","COCAINE/SELL/MAN/DEL/POSSESS W/INTENT/ATTEMPT"
"767","METH/SELL/DEL/W/INT","893","89313001A1H","F","3","CONTROLLED SUBSTANCE/SELL/MAN/DEL/POSN W/INT/CONSP"
"768","METH/SELL/DEL/W/INT","893","89313001A1H","F","2","CONTROLLED SUBSTANCE/SELL/MAN/DEL/POSS W/INTENT"
"769","METH/SELL/DEL/W/INT","893","89313001A1H","F","3","COCAINE/SELL/MAN/DEL/POSS W/INTENT/SOLICITATION"
"770","METH/SELL/DEL/W/INT","893","89313001A1H","F","3","COCAINE/SELL/MAN/DEL/POSSESS W/INTENT/CONSPIRE"
"771","METH/SELL/DEL/W/INT","893","89313001A1H","F","1","CONT SUBST/SELL/MAN/DEL/POSS W/INTENT/ARMED"
"772","METH/SELL/DEL/W/INT","893","89313001A1H","F","2","COCAINE/SELL/MAN/DELIVER/POSSESS W/INTENT"
"773","METH/SELL/DEL/W/INT","893","89313001A1H","F","3","HASHISH/SELL/MAN/DELIVER/POSSESS W/INTENT"
"774","METH/SELL/DEL/W/INT","893","89313001A1H","F","2","HEROIN/SELL/MAN/DELIVER/POSSESS W/INTENT"
"775","METH/SELL/DEL/W/INT","893","89313001A1H","F","2","HEROIN/SELL/MAN/DELIVER/POSS W/INTENT/PRINCIPAL"
"776","METH/SELL/DEL/W/INT","893","89313001A1H","F","2","METHADONE/SELL/MAN/DELIVER/POSSESS W/INTENT"
"777","METH/SELL/DEL/W/INT","893","89313001A1H","F","2","OPIUM/DERIV/SELL/MAN/DEL/POSSESS W/INTENT"
"778","METH/SELL/DEL/W/INT","893","89313001A1H","F","2","MORPHINE/SELL/MAN/DELIVER/POSSESS W/INTENT"
"779","CON SUB/DEL/SELL/ARM","893","89313001A2","F","3","CANNABIS/SELL/MAN/DELLLIV/POSSESS W/INTENT/ATTEMPT"
"780","CON SUB/DEL/SELL/ARM","893","89313001A2","F","3","CANNABIS/SELL/MAN/DELIV/POSS W/INTENT/CONSPIRE"
"781","CON SUB/DEL/SELL/ARM","893","89313001A2","F","3","CONT SUBST/SELL/MAN/DEL/POSN W/INT/CONSPIRE"
"782","CON SUB/DEL/SELL/ARM","893","89313001A2","F","2","CANNABIS/SELL/MAN/DEL/POSS W/INTENT/ARMED"
"783","CON SUB/DEL/SELL/ARM","893","89313001A2","F","2","CONTROLLED SUBSTANCE/SELL/MAN/DEL/POSS/W/INT/ARMED"
"784","CON SUB/DEL/SELL/ARM","893","89313001A2","F","3","CANNABIS/SELL/MANUFACTURE/DEL/POSN W/IN"
"785","CON SUB/DEL/SELL/ARM","893","89313001A2","F","3","CANNABIS/SELL/MAN/DELIV/POSS W/INTENT/SOLICIT"
"786","CON SUB/DEL/SELL/ARM","893","89313001A2","F","3","CONTROLLED SUBSTANCE/SELL/MAN/DEL/POSN W/INTENT"
"787","CON SUB/DEL/SELL/ARM","893","89313001A2","F","3","CANNABIS/SELL/MAN/DELIVER/POSSESS W/ INTENT"
"788","CON SUB/DEL/SELL/ARM","893","89313001A2","F","3","CANNABIS/SALE, DELIVERY/PRINCIPAL"
"789","CON SUB/DEL/SELL/ARM","893","89313001A2","F","3","HALLUCINOGENS/SELL/MAN/DELIVER/POSSESS W/INTENT"
"790","CON SUB/DEL/SELL/ARM","893","89313001A2","F","3","BARBITURATE/STIM/SELL/MAN/DEL/POSSESS W/INTENT"
"791","CON SUB/DEL/SELL/ARM","893","89313001A2","F","3","SYNTHETIC NARCOTICS/SELL/MAN/DEL/POSN W/INTENT"
"792","COCAINE/POSN/F/A","893","89313006A1","F","3","COCAINE/POSSESSION/ATTEMPT"
"793","COCAINE/POSN/F/A","893","89313006A1","F","3","COCAINE/POSSESSION/CONSPIRACY"
"794","COCAINE/POSN/F/A","893","89313006A1","F","2","COCAINE/POSSESSION WITH A FIREARM"
"795","CONT SUBS/SELL/DEL","893","89313001A2A","F","3","CANNABIS/SELL/MAN/DELLLIV/POSSESS W/INTENT/ATTEMPT"
"796","CONT SUBS/SELL/DEL","893","89313001A2A","F","3","CANNABIS/SELL/MAN/DELIV/POSS W/INTENT/CONSPIRE"
"797","CONT SUBS/SELL/DEL","893","89313001A2A","F","3","CONT SUBST/SELL/MAN/DEL/POSN W/INT/CONSPIRE"
"798","CONT SUBS/SELL/DEL","893","89313001A2A","F","2","CANNABIS/SELL/MAN/DEL/POSS W/INTENT/ARMED"
"799","CONT SUBS/SELL/DEL","893","89313001A2A","F","2","CONTROLLED SUBSTANCE/SELL/MAN/DEL/POSS/W/INT/ARMED"
"800","CONT SUBS/SELL/DEL","893","89313001A2A","F","3","CANNABIS/SELL/MANUFACTURE/DEL/POSN W/IN"
"801","CONT SUBS/SELL/DEL","893","89313001A2A","F","3","CANNABIS/SELL/MAN/DELIV/POSS W/INTENT/SOLICIT"
"802","CONT SUBS/SELL/DEL","893","89313001A2A","F","3","CONTROLLED SUBSTANCE/SELL/MAN/DEL/POSN W/INTENT"
"803","CONT SUBS/SELL/DEL","893","89313001A2A","F","3","CANNABIS/SELL/MAN/DELIVER/POSSESS W/ INTENT"
"804","CONT SUBS/SELL/DEL","893","89313001A2A","F","3","CANNABIS/SALE, DELIVERY/PRINCIPAL"
"805","CONT SUBS/SELL/DEL","893","89313001A2A","F","3","HALLUCINOGENS/SELL/MAN/DELIVER/POSSESS W/INTENT"
"806","CONT SUBS/SELL/DEL","893","89313001A2A","F","3","BARBITURATE/STIM/SELL/MAN/DEL/POSSESS W/INTENT"
"807","CONT SUBS/SELL/DEL","893","89313001A2A","F","3","SYNTHETIC NARCOTICS/SELL/MAN/DEL/POSN W/INTENT"
"808","CONT SUBS/FRAUD","893","89313007A9","F","3","CONTROLLED SUBSTANCE/OBTAIN BY FRAUD, FORGERY"
"809","CANN/SELL DEL/SOLIC","893","89313001A2","F","3","CANNABIS/SELL/MAN/DELLLIV/POSSESS W/INTENT/ATTEMPT"
"810","CANN/SELL DEL/SOLIC","893","89313001A2","F","3","CANNABIS/SELL/MAN/DELIV/POSS W/INTENT/CONSPIRE"
"811","CANN/SELL DEL/SOLIC","893","89313001A2","F","3","CONT SUBST/SELL/MAN/DEL/POSN W/INT/CONSPIRE"
"812","CANN/SELL DEL/SOLIC","893","89313001A2","F","2","CANNABIS/SELL/MAN/DEL/POSS W/INTENT/ARMED"
"813","CANN/SELL DEL/SOLIC","893","89313001A2","F","2","CONTROLLED SUBSTANCE/SELL/MAN/DEL/POSS/W/INT/ARMED"
"814","CANN/SELL DEL/SOLIC","893","89313001A2","F","3","CANNABIS/SELL/MANUFACTURE/DEL/POSN W/IN"
"815","CANN/SELL DEL/SOLIC","893","89313001A2","F","3","CANNABIS/SELL/MAN/DELIV/POSS W/INTENT/SOLICIT"
"816","CANN/SELL DEL/SOLIC","893","89313001A2","F","3","CONTROLLED SUBSTANCE/SELL/MAN/DEL/POSN W/INTENT"
"817","CANN/SELL DEL/SOLIC","893","89313001A2","F","3","CANNABIS/SELL/MAN/DELIVER/POSSESS W/ INTENT"
"818","CANN/SELL DEL/SOLIC","893","89313001A2","F","3","CANNABIS/SALE, DELIVERY/PRINCIPAL"
"819","CANN/SELL DEL/SOLIC","893","89313001A2","F","3","HALLUCINOGENS/SELL/MAN/DELIVER/POSSESS W/INTENT"
"820","CANN/SELL DEL/SOLIC","893","89313001A2","F","3","BARBITURATE/STIM/SELL/MAN/DEL/POSSESS W/INTENT"
"821","CANN/SELL DEL/SOLIC","893","89313001A2","F","3","SYNTHETIC NARCOTICS/SELL/MAN/DEL/POSN W/INTENT"
"822","CONT SUB/POSN/ARMED","893","89313006AA","F","2","CANNABIS/POSSESS/MORE THAN 20 GR/ARMED"
"823","CONT SUB/POSN/ARMED","893","89313006AA","F","3","CONTROLLED SUBSTANCE/POSSESSION"
"824","CONT SUB/POSN/ARMED","893","89313006AA","F","3","CONTROLLED SUBSTANCE/POSSESSION/THC"
"825","CONT SUB/POSN/ARMED","893","89313006AA","F","3","COCAINE/POSSESSION"
"826","CONT SUB/POSN/ARMED","893","89313006AA","F","3","CANNABIS/POSSESSION/MORE THAN 20 GRAMS"
"827","CONT SUB/POSN/ARMED","893","89313006AA","F","2","CONTROLLED SUBSTANCE/POSSESSION/ARMED"
"828","COKE/TRFK/28>/<150K","893","89313501B1","F","1","COCAINE/TRAFFICKING/ARMED/ATTEMPT"
"829","COKE/TRFK/28>/<150K","893","89313501B1","F","2","COCAINE/TRAFFICKING/28G>/<150K/ATTEMPT"
"830","COKE/TRFK/28>/<150K","893","89313501B1","F","L","COCAINE/TRAFFICKING/28GR>/<150K/ARMED"
"831","COKE/TRFK/28>/<150K","893","89313501B1","F","1","COCAINE/TRAFFICKING/28GR>/<150K"
"832","COKE/TRFK/28>/<150K","893","89313501B1","F","2","COCAINE/TRAFFICKING/28GR>/<150K/SOLICITATION"
"833","COCAINE/SELL/SCHOOL","893","89313001C1E","F","1","CONT SUB/SELL/DEL/POSN/1000FT/SCHOOL/ATTEMPT/ARMED"
"834","COCAINE/SELL/SCHOOL","893","89313001C1E","F","2","CONT SUB/SELL/DEL/POSN W/INT/1000 FT/SCHOOL/ATTMPT"
"835","COCAINE/SELL/SCHOOL","893","89313001C1E","F","2","COCAINE/SELL/DEL/POSN W/INTENT/1000 OF SCHOOL/CONS"
"836","COCAINE/SELL/SCHOOL","893","89313001C1E","F","2","COCAINE/SELL/DEL/POSN W/INTENT/1000FT SCH/CON/GANG"
"837","COCAINE/SELL/SCHOOL","893","89313001C1E","F","L","CONT SUB/SELL/DEL/POSN W/INT/1000 FT/SCH/ARMED"
"838","COCAINE/SELL/SCHOOL","893","89313001C1E","F","1","CONT SUB/SELL/DEL/POSN W/INT/1000 FT/SCHOOL"
"839","COCAINE/SELL/SCHOOL","893","89313001C1E","F","2","CONT SUB/SELL/DEL/POSN W/INT/1000 FT/SCHOOL/CONSPI"
"840","COCAINE/SELL/SCHOOL","893","89313001C1E","F","1","COCAINE/SELL/DEL/POSN W/INTENT/1000 FT OF SCHOOL"
"841","COCAINE/PUR/ATTEMPT","893","89313002A1B","F","3","COCAINE/PURCHASE/POSN W/INTENT TO PURCH/SOLICIT"
"842","COCAINE/PUR/ATTEMPT","893","89313002A1B","F","3","CONTROLLED SUB/PURCHASE/POSN W/INT TO PUR/ATTEMPT"
"843","COCAINE/PUR/ATTEMPT","893","89313002A1B","F","2","CONTROLLED SUBSTANCE/PURCHASE/POSN/W/INT/PURCHASE"
"844","COCAINE/PUR/ATTEMPT","893","89313002A1B","F","3","CONTROLLED SUBSTANCE/PURCHASE/POSS W/INTENT/SOLIC"
"845","COCAINE/PUR/ATTEMPT","893","89313002A1B","F","3","COCAINE/PURCHASE/POSN/W/INTENT TO PURCHASE/ATTEMPT"
"846","COCAINE/PUR/ATTEMPT","893","89313002A1B","F","3","COCAINE/PURCHASE/POSN/W/INTENT TO PURCH/CONSPIRACY"
"847","COCAINE/PUR/ATTEMPT","893","89313002A1B","F","2","COCAINE/PURCHASE/POSN/W/INTENT TO PURCHASE"
"848","HER/SELL/DEL/W/INT/P","893","89313001A1F","F","3","COCAINE/SELL/MAN/DEL/POSSESS W/INTENT/ATTEMPT"
"849","HER/SELL/DEL/W/INT/P","893","89313001A1F","F","3","CONTROLLED SUBSTANCE/SELL/MAN/DEL/POSN W/INT/CONSP"
"850","HER/SELL/DEL/W/INT/P","893","89313001A1F","F","2","CONTROLLED SUBSTANCE/SELL/MAN/DEL/POSS W/INTENT"
"851","HER/SELL/DEL/W/INT/P","893","89313001A1F","F","3","COCAINE/SELL/MAN/DEL/POSS W/INTENT/SOLICITATION"
"852","HER/SELL/DEL/W/INT/P","893","89313001A1F","F","3","COCAINE/SELL/MAN/DEL/POSSESS W/INTENT/CONSPIRE"
"853","HER/SELL/DEL/W/INT/P","893","89313001A1F","F","1","CONT SUBST/SELL/MAN/DEL/POSS W/INTENT/ARMED"
"854","HER/SELL/DEL/W/INT/P","893","89313001A1F","F","2","COCAINE/SELL/MAN/DELIVER/POSSESS W/INTENT"
"855","HER/SELL/DEL/W/INT/P","893","89313001A1F","F","3","HASHISH/SELL/MAN/DELIVER/POSSESS W/INTENT"
"856","HER/SELL/DEL/W/INT/P","893","89313001A1F","F","2","HEROIN/SELL/MAN/DELIVER/POSSESS W/INTENT"
"857","HER/SELL/DEL/W/INT/P","893","89313001A1F","F","2","HEROIN/SELL/MAN/DELIVER/POSS W/INTENT/PRINCIPAL"
"858","HER/SELL/DEL/W/INT/P","893","89313001A1F","F","2","METHADONE/SELL/MAN/DELIVER/POSSESS W/INTENT"
"859","HER/SELL/DEL/W/INT/P","893","89313001A1F","F","2","OPIUM/DERIV/SELL/MAN/DEL/POSSESS W/INTENT"
"860","HER/SELL/DEL/W/INT/P","893","89313001A1F","F","2","MORPHINE/SELL/MAN/DELIVER/POSSESS W/INTENT"
"861","CANN/TRF/25-2000LBS","893","89313501A1","F","1","CANNABIS/TRAF/>25 BUT < 2000LBS/300 OR > PLANTS"
"862","COCAINE/POSS/CONSP","893","89313006A1","F","3","COCAINE/POSSESSION/ATTEMPT"
"863","COCAINE/POSS/CONSP","893","89313006A1","F","3","COCAINE/POSSESSION/CONSPIRACY"
"864","COCAINE/POSS/CONSP","893","89313006A1","F","2","COCAINE/POSSESSION WITH A FIREARM"
"865","COKE/SELL/DEL/SOLICI","893","89313001A1","F","3","COCAINE/SELL/MAN/DEL/POSSESS W/INTENT/ATTEMPT"
"866","COKE/SELL/DEL/SOLICI","893","89313001A1","F","3","CONTROLLED SUBSTANCE/SELL/MAN/DEL/POSN W/INT/CONSP"
"867","COKE/SELL/DEL/SOLICI","893","89313001A1","F","2","CONTROLLED SUBSTANCE/SELL/MAN/DEL/POSS W/INTENT"
"868","COKE/SELL/DEL/SOLICI","893","89313001A1","F","3","COCAINE/SELL/MAN/DEL/POSS W/INTENT/SOLICITATION"
"869","COKE/SELL/DEL/SOLICI","893","89313001A1","F","3","COCAINE/SELL/MAN/DEL/POSSESS W/INTENT/CONSPIRE"
"870","COKE/SELL/DEL/SOLICI","893","89313001A1","F","1","CONT SUBST/SELL/MAN/DEL/POSS W/INTENT/ARMED"
"871","COKE/SELL/DEL/SOLICI","893","89313001A1","F","2","COCAINE/SELL/MAN/DELIVER/POSSESS W/INTENT"
"872","COKE/SELL/DEL/SOLICI","893","89313001A1","F","3","HASHISH/SELL/MAN/DELIVER/POSSESS W/INTENT"
"873","COKE/SELL/DEL/SOLICI","893","89313001A1","F","2","HEROIN/SELL/MAN/DELIVER/POSSESS W/INTENT"
"874","COKE/SELL/DEL/SOLICI","893","89313001A1","F","2","HEROIN/SELL/MAN/DELIVER/POSS W/INTENT/PRINCIPAL"
"875","COKE/SELL/DEL/SOLICI","893","89313001A1","F","2","METHADONE/SELL/MAN/DELIVER/POSSESS W/INTENT"
"876","COKE/SELL/DEL/SOLICI","893","89313001A1","F","2","OPIUM/DERIV/SELL/MAN/DEL/POSSESS W/INTENT"
"877","COKE/SELL/DEL/SOLICI","893","89313001A1","F","2","MORPHINE/SELL/MAN/DELIVER/POSSESS W/INTENT"
"878","CANN/SELL/POS/COLLEG","893","89313001D2C","F","2","CONT SUB/SELL/MAN/DEL/POSN W/INT/COLLEGE/UNIVERSIT"
"879","CANN/SELL/POS/COLLEG","893","89313001D2C","F","2","CANN/SELL/DEL/POSN W/INTENT/COLLEGE/UNIVERSITY"
"880","CONT SUBS/POSN/>10GR","893","89313006C","F","2","CONTROLLED SUBSTANCE/POSS/10 GRAMS+/CONSPIRACY"
"881","CONT SUBS/POSN/>10GR","893","89313006C","F","L","CONTROLLED SUBSTANCE/POSSESSION 10GR+/ARMED"
"882","CONT SUBS/POSN/>10GR","893","89313006C","F","1","CONTROLLED SUBSTANCE/POSSESSION >10GR"
"883","DRUGS/TRAFFICKING","893","8931350","F","1","DRUGS/TRAFFICKING"
"884","AMPHET/TRAFF/ATTEMPT","893","89313501F","F","2","AMPHETAMINES/TRAFFICKING/ATTEMPT"
"885","CANNABIS/SALE/SCHOOL","893","89313001C2G","F","3","CANNABIS/CON SUB/SELL/DEL/POS W/INT/1K/SCHOO/CONSP"
"886","CANNABIS/SALE/SCHOOL","893","89313001C2G","F","3","CANNABIS/SELL/DEL/POSN W/INTENT/1000FTSCH/CON"
"887","CANNABIS/SALE/SCHOOL","893","89313001C2G","F","1","CANN/SELL/MAN/DEL/POSS W/INT WI 1000 FT SCH/ARMED"
"888","CANNABIS/SALE/SCHOOL","893","89313001C2G","F","2","CONTROLLED SUBSTANCE/SALE, DELIVER/1000FT SCHOOL"
"889","CANNABIS/SALE/SCHOOL","893","89313001C2G","F","1","CONTROLLEDSUBSTANCE/POSSESSION/1000FT/SCHOOL/ARMED"
"890","CANNABIS/SALE/SCHOOL","893","89313001C2G","F","1","CANNABIS/SELL/DEL/POSN/WI/1000FT/SCHOOL/ARMED"
"891","CANNABIS/SALE/SCHOOL","893","89313001C2G","F","2","CANNABIS/SELL/DEL/POSN W/INT/1000FT SCHOOL"
"892","CANNABIS/SALE/SCHOOL","893","89313001C2G","F","1","CONT SUB/SELL/MAN/DEL/POSS WI 1000 FT/SCHOOL/ARMED"
"893","CANNABIS/SALE/SCHOOL","893","89313001C2G","F","1","CANNABIS/POSSESSION/ W/INTENT/1000 FT/SCHOOL/ARMED"
"894","POSSESSION/DRUG PARA","893","89314701B","M","1","DRUG PARAPHERNALIA/POSSESSION W/INTENT TO USE"
"895","TRANSPORT/DRUG/PARAP","893","89314704","F","3","TRANSPORTATION OF DRUG PARAPHERNALIA"
"896","CONT SUBS/PURCHASE","893","89313002A1A","F","3","COCAINE/PURCHASE/POSN W/INTENT TO PURCH/SOLICIT"
"897","CONT SUBS/PURCHASE","893","89313002A1A","F","3","CONTROLLED SUB/PURCHASE/POSN W/INT TO PUR/ATTEMPT"
"898","CONT SUBS/PURCHASE","893","89313002A1A","F","2","CONTROLLED SUBSTANCE/PURCHASE/POSN/W/INT/PURCHASE"
"899","CONT SUBS/PURCHASE","893","89313002A1A","F","3","CONTROLLED SUBSTANCE/PURCHASE/POSS W/INTENT/SOLIC"
"900","CONT SUBS/PURCHASE","893","89313002A1A","F","3","COCAINE/PURCHASE/POSN/W/INTENT TO PURCHASE/ATTEMPT"
"901","CONT SUBS/PURCHASE","893","89313002A1A","F","3","COCAINE/PURCHASE/POSN/W/INTENT TO PURCH/CONSPIRACY"
"902","CONT SUBS/PURCHASE","893","89313002A1A","F","2","COCAINE/PURCHASE/POSN/W/INTENT TO PURCHASE"
"903","CANNABIS/PURCHASE","893","89313002A2A","M","1","CANNABIS/PURCHASE/POSN W/INTENT TO PURCH/CONSPACY"
"904","CANNABIS/PURCHASE","893","89313002A2A","F","3","CONTROLLED SUBSTANCE/PURCHASE/POSESS W/INTENT"
"905","CANNABIS/PURCHASE","893","89313002A2A","M","1","CANNABIS/PURCHASE/POSN W/INTENT/SOLICIT"
"906","CANNABIS/PURCHASE","893","89313002A2A","M","1","CANNABIS/PURCHASE/POSN W/INTENT TO PURCH/ATTEMPT"
"907","CANNABIS/PURCHASE","893","89313002A2A","F","3","CANNABIS/PURCHASE/POSN/W/INTENT TO PURCHASE"
"908","COCAINE/POSS/ATTEMPT","893","89313006A1","F","3","COCAINE/POSSESSION/ATTEMPT"
"909","COCAINE/POSS/ATTEMPT","893","89313006A1","F","3","COCAINE/POSSESSION/CONSPIRACY"
"910","COCAINE/POSS/ATTEMPT","893","89313006A1","F","2","COCAINE/POSSESSION WITH A FIREARM"
"911","CONT SUB/PUR/POS/SOL","893","89313002A1A","F","3","COCAINE/PURCHASE/POSN W/INTENT TO PURCH/SOLICIT"
"912","CONT SUB/PUR/POS/SOL","893","89313002A1A","F","3","CONTROLLED SUB/PURCHASE/POSN W/INT TO PUR/ATTEMPT"
"913","CONT SUB/PUR/POS/SOL","893","89313002A1A","F","2","CONTROLLED SUBSTANCE/PURCHASE/POSN/W/INT/PURCHASE"
"914","CONT SUB/PUR/POS/SOL","893","89313002A1A","F","3","CONTROLLED SUBSTANCE/PURCHASE/POSS W/INTENT/SOLIC"
"915","CONT SUB/PUR/POS/SOL","893","89313002A1A","F","3","COCAINE/PURCHASE/POSN/W/INTENT TO PURCHASE/ATTEMPT"
"916","CONT SUB/PUR/POS/SOL","893","89313002A1A","F","3","COCAINE/PURCHASE/POSN/W/INTENT TO PURCH/CONSPIRACY"
"917","CONT SUB/PUR/POS/SOL","893","89313002A1A","F","2","COCAINE/PURCHASE/POSN/W/INTENT TO PURCHASE"
"918","CANN/SELL/POSN W/INT","893","89313001E2","F","2","CONT SUB/SELL/POSN W/INT/1000FT CHURCH/CONV STORE"
"919","CANN/SELL/POSN W/INT","893","89313001E2","F","3","CONT SUB/SELL/POSN W/INT/1KFT CHURCH/CONV ST/CON"
"920","CANN/SELL/POSN W/INT","893","89313001E2","F","3","CANNABIS/SELL/POSN W/INT/1KFT CHURCH/CONV ST/CON"
"921","CANN/SELL/POSN W/INT","893","89313001E2","F","2","CANN/SELL/DEL/MAN/POSN/1000FT/CHURCH/ATTEMPT/ARMED"
"922","CANN/SELL/POSN W/INT","893","89313001E2","F","3","CANN/SELL/DEL/POSN W/INTENT/1000FT/CHURCH/ATTEMPT"
"923","CANN/SELL/POSN W/INT","893","89313001E2","F","1","CONT SUB/SELL/POSN/1000 FT/CHURCH/CONV STORE/ARMED"
"924","CANN/SELL/POSN W/INT","893","89313001E2","F","2","CANNABIS/POSS/SELL/POSS W/INTENT/1K/CHURCH/CONV ST"
"925","CANN/SELL/POSN W/INT","893","89313001E2","F","1","CANN/SELL/MAN/DEL/POSN/1000FT/CHUR/CONVSTORE/ARMED"
"926","COCAINE/PUR/POS/SOLI","893","89313002A1","F","3","COCAINE/PURCHASE/POSN W/INTENT TO PURCH/SOLICIT"
"927","COCAINE/PUR/POS/SOLI","893","89313002A1","F","3","CONTROLLED SUB/PURCHASE/POSN W/INT TO PUR/ATTEMPT"
"928","COCAINE/PUR/POS/SOLI","893","89313002A1","F","2","CONTROLLED SUBSTANCE/PURCHASE/POSN/W/INT/PURCHASE"
"929","COCAINE/PUR/POS/SOLI","893","89313002A1","F","3","CONTROLLED SUBSTANCE/PURCHASE/POSS W/INTENT/SOLIC"
"930","COCAINE/PUR/POS/SOLI","893","89313002A1","F","3","COCAINE/PURCHASE/POSN/W/INTENT TO PURCHASE/ATTEMPT"
"931","COCAINE/PUR/POS/SOLI","893","89313002A1","F","3","COCAINE/PURCHASE/POSN/W/INTENT TO PURCH/CONSPIRACY"
"932","COCAINE/PUR/POS/SOLI","893","89313002A1","F","2","COCAINE/PURCHASE/POSN/W/INTENT TO PURCHASE"
"933","FLS NAME/ID/AFT ARRE","901","90136001","M","1","FALSE NAME/ID/AFTER ARREST"
"934","FLS NAME/ID/AFT ARRT","901","90136002","F","3","FALSE NAME/ID/AFTER ARREST/ADVERSE AFFECT"
"935","OUT-OF-CNTY/WARRANT","901","9010400","N","0","OUT-OF-COUNTY WARRANT"
"936","TAMPER/WIT/VIC/MISD","914","91422002A","M","1","TAMPER/WIT/VIC/INF/MISDEMEANOR - CONSPIRACY"
"937","TAMPER/WIT/VIC/MISD","914","91422002A","F","3","TAMPER/WIT/VIC/MISD"
"938","TAMPER W/EVIDENCE/AT","918","91813001A","F","3","TAMPERING WITH PHYSICAL EVIDENCE/ATTEMPT"
"939","TAMPER W/EVIDENCE/AT","918","91813001A","F","3","TAMPER WITH PHYSICAL EVIDENCE WHILE ARMED/ATTEMPT"
"940","TAMPER W/EVIDENCE/AT","918","91813001A","F","3","TAMPER/PHYSICAL EVIDENCE/CONSPIRACY"
"941","TAMPER W/EVIDENCE/AT","918","91813001A","F","2","TAMPER WITH PHYSICAL EVIDENCE WHILE ARMED"
"942","TAMPER W/EVIDENCE/AT","918","91813001A","F","3","TAMPER WITH PHYSICAL EVIDENCE"
"943","TAMPER W/EVIDENCE/AT","918","91813001A","F","3","TAMPER/PHYSICAL EVIDENCE/SOLICITATION"
"944","TAMPER/PHYS EVIDENCE","918","91813001A","F","3","TAMPERING WITH PHYSICAL EVIDENCE/ATTEMPT"
"945","TAMPER/PHYS EVIDENCE","918","91813001A","F","3","TAMPER WITH PHYSICAL EVIDENCE WHILE ARMED/ATTEMPT"
"946","TAMPER/PHYS EVIDENCE","918","91813001A","F","3","TAMPER/PHYSICAL EVIDENCE/CONSPIRACY"
"947","TAMPER/PHYS EVIDENCE","918","91813001A","F","2","TAMPER WITH PHYSICAL EVIDENCE WHILE ARMED"
"948","TAMPER/PHYS EVIDENCE","918","91813001A","F","3","TAMPER WITH PHYSICAL EVIDENCE"
"949","TAMPER/PHYS EVIDENCE","918","91813001A","F","3","TAMPER/PHYSICAL EVIDENCE/SOLICITATION"
"950","WARR/OBST/IMPEDE","934","9344300","F","3","WARRANT/OBSTRUCT/IMPEDE/BY DISCLOSING INFORMATION"
"951","FUG WARR/OUT O STATE","941","9411300","Z","0","FUGITIVE WARRANT-OUT OF STATE EXTRADITE"
"952","SEX OFFND/FAIL TO RE","943","943043514C4","F","3","SEX OFFENDER/FAIL TO REGISTER/RESPOND AS REQUIRED"
"953","SEX OFND/VIOL REGIST","943","9430435","F","3","SEXUAL OFFENDER/VIOLATE REGISTRATION REQUIREMENTS"
"954","SEX OFF/CHNG ADD7/16","943","94304354B","F","3","SEXUAL OFFENDER/FAIL TO REPORT CHANGE ADDRESS/7/16"
"955","SEAL/PETN/FALSE INFO","943","94305901","F","3","SEAL CRIMINAL HIST, PETITION TO/PROVIDE FALSE INFO"
"956","ESCAPE","944","9444000","F","2","ESCAPE/CONSPIRACY/ARMED"
"957","ESCAPE","944","9444000","F","3","ESCAPE/CONSPIRE"
"958","ESCAPE","944","9444000","F","2","ESCAPE"
"959","PROBATION VIOLATION","948","94806101","Z","0","PROBATION VIOLATION"
"960","PROBATION VIOLATION","948","94806101","Z","0","SUBJECT ON PROBATION"
"961","SUBJECT ON PROBATION","948","94806102","Z","0","PROBATION VIOLATION"
"962","SUBJECT ON PROBATION","948","94806102","Z","0","SUBJECT ON PROBATION"
"963","INTRO ARTICLE/JAIL","951","9512200","F","3","INTRODUCTION, POSS/UNLAWFUL ARTICLE/JAIL/ATTEMPT"
"964","INTRO ARTICLE/JAIL","951","9512200","F","3","INTRODUCTION, POSSESSION UNLAW ARTICLE/JAIL/CONSPI"
"965","INTRO ARTICLE/JAIL","951","9512200","F","3","INTRODUCTION, POSSESSION UNLAWFUL ARTICLE/JAIL"
"966","BOND SURRENDER","995","9959990","Z","0","BOND SURRENDER"
"967","HOLD FOR IMMIGRATION","995","9959970","Z","0","HOLD FOR IMMIGRATION"
"968","HOLD FOR MAGISTRATE","995","9959860","Z","0","HOLD FOR MAGISTRATE"
"969","HOLD FOR AGENCY","995","9959950","Z","0","HOLD FOR OTHER AGENCY"
"970","WRIT/BODILY ATTACH","996","9960010","Z","0","WRIT OF BODILY ATTACHMENT"
"971","DOMESTIC VIOL WARRNT","996","9960040","Z","0","DOMESTIC VIOLENCE WARRANT"
"972","HOLD/DRUG ALC TREAT","996","9960030","Z","0","HOLD FOR DRUG/ALCOHOL TREATMENT/SERVICES"
